title,section,subsection,download_url,page_url,doc_id
Documento de trabajo en PPA para Guías Mayores y Rovers,Descargas,,https://siemprelistos.com/download/12524/?tmstv=1786944788,https://siemprelistos.com/descargas/,12524
Manual de Ceremonias para Guías Mayores y Rovers,Descargas,,https://siemprelistos.com/download/12521/?tmstv=1786944788,https://siemprelistos.com/descargas/,12521
Requisitos para la Rosa de los Vientos,Descargas,,https://siemprelistos.com/download/12518/?tmstv=1786944788,https://siemprelistos.com/descargas/,12518
Requisitos para la Insignia de Servicio,Descargas,,https://siemprelistos.com/download/12515/?tmstv=1786944788,https://siemprelistos.com/descargas/,12515
Requisitos para el Pin de Reto,Descargas,,https://siemprelistos.com/download/12512/?tmstv=1786944788,https://siemprelistos.com/descargas/,12512
"Manual de la Persona Consejera, Fascículo 09: Profundizando en la relación entre la Progresión Personal y el Método Guía y Scout en la sección Comunidad",Descargas,,https://siemprelistos.com/download/12509/?tmstv=1786944789,https://siemprelistos.com/descargas/,12509
"Manual de la Persona Consejera, Fascículo 07: El programa de actividades en la Comunidad y su planificación",Descargas,,https://siemprelistos.com/download/12506/?tmstv=1786944789,https://siemprelistos.com/descargas/,12506
"Manual de la Persona Consejera, Fascículo 06: El Método Guía y Scout en la Sección Comunidad",Descargas,,https://siemprelistos.com/download/12503/?tmstv=1786944789,https://siemprelistos.com/descargas/,12503
"Manual de la Persona Consejera, Fascículo 05: Estructura y organización de las Comunidades de Guías Mayores y Rovers",Descargas,,https://siemprelistos.com/download/12500/?tmstv=1786944789,https://siemprelistos.com/descargas/,12500
"Manual de la Persona Consejera, Fascículo 04: Hacia la etapa adulta. Las personas jóvenes en la sección Comunidad",Descargas,,https://siemprelistos.com/download/12497/?tmstv=1786944789,https://siemprelistos.com/descargas/,12497
Actas JDN,Junta Directiva Nacional,,https://siemprelistos.com/download/6980/?tmstv=1709573641,https://siemprelistos.com/descargas/junta-directiva-nacional/,6980
Lineamientos,Gobernanza,,https://siemprelistos.com/download/5242/?tmstv=1709149400,https://siemprelistos.com/descargas/gobernanza/,5242
Formulario de Asignación Económica a Grupos,Ayuda Grupos,,https://siemprelistos.com/download/10872/?tmstv=1786944793,https://siemprelistos.com/?dlm_download_category=ayuda-grupos,10872
Fondo de Asignación Económica a Grupos,Ayuda Grupos,,https://siemprelistos.com/download/8239/?tmstv=1786944793,https://siemprelistos.com/?dlm_download_category=ayuda-grupos,8239
"Alrededor de la Fogata, Taller de Ayuda AGrupos",Ayuda Grupos,,https://siemprelistos.com/download/5609/?tmstv=1786944793,https://siemprelistos.com/?dlm_download_category=ayuda-grupos,5609
DAF-CON-PRO-003-Tramites-de-Ayuda-a-Grupos-Adelanto-y-Liquidacion-de-Din…,Ayuda Grupos,,https://siemprelistos.com/download/5611/?tmstv=1786944793,https://siemprelistos.com/?dlm_download_category=ayuda-grupos,5611
DAF-CON-LIN-003-Lineamiento-para-el-control-de-activos-de-Grupos-GyS.,Ayuda Grupos,,https://siemprelistos.com/download/5613/?tmstv=1786944793,https://siemprelistos.com/?dlm_download_category=ayuda-grupos,5613
DAF-CON-LIN-001-Lineamiento-para-Presentacion-de-facturas,Ayuda Grupos,,https://siemprelistos.com/download/5615/?tmstv=1786944793,https://siemprelistos.com/?dlm_download_category=ayuda-grupos,5615
DAF-CON-INF-001-Preguntas-Frecuentes-Ayuda-a-Grupos,Ayuda Grupos,,https://siemprelistos.com/download/5617/?tmstv=1786944793,https://siemprelistos.com/?dlm_download_category=ayuda-grupos,5617
DAF-CON-FOR-006-Formulario-devolucion-de-documentos,Ayuda Grupos,,https://siemprelistos.com/download/5619/?tmstv=1786944793,https://siemprelistos.com/?dlm_download_category=ayuda-grupos,5619
DAF-CON-FOR-005-Formulario-de-liquidacioin-de-gastos-por-uso-de-transporte,Ayuda Grupos,,https://siemprelistos.com/download/5621/?tmstv=1786944793,https://siemprelistos.com/?dlm_download_category=ayuda-grupos,5621
AGYSCR Diagrama adelanto y liquidación de dinero a grupos,Ayuda Grupos,,https://siemprelistos.com/download/5623/?tmstv=1786944793,https://siemprelistos.com/?dlm_download_category=ayuda-grupos,5623
DAF-CON-PRO-004 Procedimiento Tramite de Ayuda a Grupos Adelanto y Liquidacion de Dinero,Ayuda Grupos,,https://siemprelistos.com/download/5699/?tmstv=1786944793,https://siemprelistos.com/?dlm_download_category=ayuda-grupos,5699
DAF-CON-PRO-003 Procedimiento Tramite de Ayuda a Grupos  Reintegro a Grupos,Ayuda Grupos,,https://siemprelistos.com/download/5701/?tmstv=1786944793,https://siemprelistos.com/?dlm_download_category=ayuda-grupos,5701
DAF-CON-FOR-007-Formulario-devolución-de-documentos,Ayuda Grupos,,https://siemprelistos.com/download/5703/?tmstv=1786944793,https://siemprelistos.com/?dlm_download_category=ayuda-grupos,5703
DAF-CON-FOR-005- Prestamo de activos fijos,Ayuda Grupos,,https://siemprelistos.com/download/5705/?tmstv=1786944793,https://siemprelistos.com/?dlm_download_category=ayuda-grupos,5705
Formularios,Formularios,,https://siemprelistos.com/download/5957/?tmstv=1713307246,https://siemprelistos.com/formularios/,5957
Educativo,Programa Educativo,,https://siemprelistos.com/download/6215/?tmstv=1786388774,https://siemprelistos.com/descargas/programa-educativo/,6215
Kit de Apoyo para Dirigente,Operaciones 2,,https://siemprelistos.com/download/8534/?tmstv=1725125053,https://siemprelistos.com/descargas/operaciones-2/,8534
Manual de Guía de uso de marca,Imagen Y Comunicacion,,https://siemprelistos.com/download/9372/?tmstv=1738366083,https://siemprelistos.com/descargas/imagen-y-comunicacion/,9372
Materiales Promocionales,Imagen Y Comunicacion,,https://siemprelistos.com/download/9378/?tmstv=1738366169,https://siemprelistos.com/descargas/imagen-y-comunicacion/,9378
Comité Ejecutivo,Junta Directiva Nacional,Acuerdos De Comite Ejecutivo,https://siemprelistos.com/download/8343/?tmstv=1724984036,https://siemprelistos.com/descargas/junta-directiva-nacional/acuerdos-de-comite-ejecutivo/,8343
Periodo 2024-2025,Junta Directiva Nacional,Acuerdos De Comite Ejecutivo,https://siemprelistos.com/download/5123/?tmstv=1709660121,https://siemprelistos.com/descargas/junta-directiva-nacional/acuerdos-de-comite-ejecutivo/,5123
Periodo 2022-2023,Junta Directiva Nacional,Acuerdos De Comite Ejecutivo,https://siemprelistos.com/download/5121/?tmstv=1709660121,https://siemprelistos.com/descargas/junta-directiva-nacional/acuerdos-de-comite-ejecutivo/,5121
Periodo 2023-2024,Junta Directiva Nacional,Acuerdos De Comite Ejecutivo,https://siemprelistos.com/download/5125/?tmstv=1709660121,https://siemprelistos.com/descargas/junta-directiva-nacional/acuerdos-de-comite-ejecutivo/,5125
Manual de Condecoraciones,Politicas,,https://siemprelistos.com/download/10943/?tmstv=1786944813,https://siemprelistos.com/?dlm_download_category=politicas,10943
Política de espacios seguros y libres de violencia,Politicas,,https://siemprelistos.com/download/9736/?tmstv=1786944813,https://siemprelistos.com/?dlm_download_category=politicas,9736
Términos y condiciones uso del SRM y App Movil,Politicas,,https://siemprelistos.com/download/5661/?tmstv=1786944813,https://siemprelistos.com/?dlm_download_category=politicas,5661
Política de Liderazgo en Niñez y Juventud,Politicas,,https://siemprelistos.com/download/5681/?tmstv=1786944813,https://siemprelistos.com/?dlm_download_category=politicas,5681
Política de Asuntos Internacionales 2021,Politicas,,https://siemprelistos.com/download/5999/?tmstv=1786944813,https://siemprelistos.com/?dlm_download_category=politicas,5999
JDN-DGN-POL-006 Política Diversidad e Inclusión,Politicas,,https://siemprelistos.com/download/6114/?tmstv=1786944813,https://siemprelistos.com/?dlm_download_category=politicas,6114
JDN-DGN-POL-008 Política de Animación de la Fe,Politicas,,https://siemprelistos.com/download/6116/?tmstv=1786944813,https://siemprelistos.com/?dlm_download_category=politicas,6116
JDN-DGN-REG-002 Código Ética Institucional,Politicas,,https://siemprelistos.com/download/6202/?tmstv=1786944813,https://siemprelistos.com/?dlm_download_category=politicas,6202
JDN-DGN-POL-002 Política Nacional Gestión Institucional,Politicas,,https://siemprelistos.com/download/6223/?tmstv=1786944813,https://siemprelistos.com/?dlm_download_category=politicas,6223
JDN-DGN-POL-004  Política Nacional de Programa Educativo,Politicas,,https://siemprelistos.com/download/6246/?tmstv=1786944813,https://siemprelistos.com/?dlm_download_category=politicas,6246
Política Nacional de Adultos,Politicas,,https://siemprelistos.com/download/6288/?tmstv=1786944813,https://siemprelistos.com/?dlm_download_category=politicas,6288
Protocolo Obras fúnebres digital,Protocolos,,https://siemprelistos.com/download/10726/?tmstv=1786944815,https://siemprelistos.com/?dlm_download_category=protocolos,10726
Protocolo Contra el Acoso y Abuso Sexual,Protocolos,,https://siemprelistos.com/download/5500/?tmstv=1786944815,https://siemprelistos.com/?dlm_download_category=protocolos,5500
Los jóvenes son primero,Protocolos,,https://siemprelistos.com/download/5941/?tmstv=1786944815,https://siemprelistos.com/?dlm_download_category=protocolos,5941
"001_Protocolo de Actuación Frente a Sospecha Razonable de Presunto Abuso Sexual a Niños, Niñas Y Adolescentes",Protocolos,,https://siemprelistos.com/download/6200/?tmstv=1786944815,https://siemprelistos.com/?dlm_download_category=protocolos,6200
Manual de Reuniones Virtuales y Mixtas,Manuales,,https://siemprelistos.com/download/5539/?tmstv=1786944817,https://siemprelistos.com/?dlm_download_category=manuales,5539
Danzas y Canciones,Manuales,,https://siemprelistos.com/download/6175/?tmstv=1786944817,https://siemprelistos.com/?dlm_download_category=manuales,6175
Normativa de Uso de Campos Escuelas,Lineamientos,,https://siemprelistos.com/download/12359/?tmstv=1786944819,https://siemprelistos.com/?dlm_download_category=lineamientos,12359
Infografía protocolo de acción sospecha abuso,Lineamientos,,https://siemprelistos.com/download/5697/?tmstv=1786944819,https://siemprelistos.com/?dlm_download_category=lineamientos,5697
Lineamientos de Vestimenta,Lineamientos,,https://siemprelistos.com/download/5925/?tmstv=1786944819,https://siemprelistos.com/?dlm_download_category=lineamientos,5925
Guia de Uso de Marca,Lineamientos,,https://siemprelistos.com/download/5959/?tmstv=1786944819,https://siemprelistos.com/?dlm_download_category=lineamientos,5959
Lineamientos de Programa Educativo,Lineamientos,,https://siemprelistos.com/download/6056/?tmstv=1786944819,https://siemprelistos.com/?dlm_download_category=lineamientos,6056
Convenio AGYSCR – Municipalidad de Curridabat,Convenios,,https://siemprelistos.com/download/12469/?tmstv=1786944820,https://siemprelistos.com/?dlm_download_category=convenios,12469
Convenio AGYSCR – Radio Club,Convenios,,https://siemprelistos.com/download/12407/?tmstv=1786944820,https://siemprelistos.com/?dlm_download_category=convenios,12407
Convenio AGYSCR – Municipalidad de Turrialba,Convenios,,https://siemprelistos.com/download/12388/?tmstv=1786944820,https://siemprelistos.com/?dlm_download_category=convenios,12388
Convenio AGYSCR – Municipalidad de San José,Convenios,,https://siemprelistos.com/download/12385/?tmstv=1786944820,https://siemprelistos.com/?dlm_download_category=convenios,12385
Convenio AGYSCR – INDER,Convenios,,https://siemprelistos.com/download/12382/?tmstv=1786944820,https://siemprelistos.com/?dlm_download_category=convenios,12382
Convenio AGYSCR-TEC,Convenios,,https://siemprelistos.com/download/10896/?tmstv=1786944820,https://siemprelistos.com/?dlm_download_category=convenios,10896
Convenio AGYSCR – INA,Convenios,,https://siemprelistos.com/download/10892/?tmstv=1786944820,https://siemprelistos.com/?dlm_download_category=convenios,10892
Convenio AGYSCR – Bco. Popular,Convenios,,https://siemprelistos.com/download/10888/?tmstv=1786944820,https://siemprelistos.com/?dlm_download_category=convenios,10888
Convenio Municipalid de Coronado Guías y Scouts 2025,Convenios,,https://siemprelistos.com/download/10709/?tmstv=1786944820,https://siemprelistos.com/?dlm_download_category=convenios,10709
Convenio Guías y Scouts de Costa Rica y la Defensoría de los Habitantes,Convenios,,https://siemprelistos.com/download/10537/?tmstv=1786944820,https://siemprelistos.com/?dlm_download_category=convenios,10537
Convenio Cruz Roja,Convenios,,https://siemprelistos.com/download/10534/?tmstv=1786944820,https://siemprelistos.com/?dlm_download_category=convenios,10534
Convenio UCR – AGYSCR,Convenios,,https://siemprelistos.com/download/9771/?tmstv=1786944820,https://siemprelistos.com/?dlm_download_category=convenios,9771
Convenio Club de Leones,Convenios,,https://siemprelistos.com/download/9768/?tmstv=1786944820,https://siemprelistos.com/?dlm_download_category=convenios,9768
Formulario Solicitud de Equipo de Aventura,Formularios,,https://siemprelistos.com/download/9992/?tmstv=1786944826,https://siemprelistos.com/?dlm_download_category=formularios,9992
Solicitud de Becas,Formularios,,https://siemprelistos.com/download/9987/?tmstv=1786944826,https://siemprelistos.com/?dlm_download_category=formularios,9987
Formulario de aplicación Iztarú,Formularios,,https://siemprelistos.com/download/5188/?tmstv=1786944826,https://siemprelistos.com/?dlm_download_category=formularios,5188
Solicitud Uso Iztarú,Formularios,,https://siemprelistos.com/download/5274/?tmstv=1786944826,https://siemprelistos.com/?dlm_download_category=formularios,5274
Reglamento Senda de la Aventura,Formularios,,https://siemprelistos.com/download/5336/?tmstv=1786944826,https://siemprelistos.com/?dlm_download_category=formularios,5336
Registro Miembros Adultos,Formularios,,https://siemprelistos.com/download/5707/?tmstv=1786944826,https://siemprelistos.com/?dlm_download_category=formularios,5707
Registro Miembros Juveniles,Formularios,,https://siemprelistos.com/download/5709/?tmstv=1786944826,https://siemprelistos.com/?dlm_download_category=formularios,5709
Formulario orden de camisas de uniforme e insignias,Formularios,,https://siemprelistos.com/download/5995/?tmstv=1786944826,https://siemprelistos.com/?dlm_download_category=formularios,5995
Formulario para visita a YORI,Formularios,,https://siemprelistos.com/download/6233/?tmstv=1786944826,https://siemprelistos.com/?dlm_download_category=formularios,6233
Fórmula para Jefaturas de Delegación o Contingentes,Formularios,,https://siemprelistos.com/download/6238/?tmstv=1786944826,https://siemprelistos.com/?dlm_download_category=formularios,6238
Formulario Médico,Formularios,,https://siemprelistos.com/download/6293/?tmstv=1786944826,https://siemprelistos.com/?dlm_download_category=formularios,6293
Formula Inscripción Eventos Internacionales,Formularios,,https://siemprelistos.com/download/6295/?tmstv=1786944826,https://siemprelistos.com/?dlm_download_category=formularios,6295
Form Concurso de Becas,Formularios,,https://siemprelistos.com/download/6297/?tmstv=1786944826,https://siemprelistos.com/?dlm_download_category=formularios,6297
Máximo-Reconocimiento-Comunidad,Formularios Maximos Reconocimientos,,https://siemprelistos.com/download/5356/?tmstv=1786944827,https://siemprelistos.com/?dlm_download_category=formularios-maximos-reconocimientos,5356
Máximo-Reconocimiento-Wak,Formularios Maximos Reconocimientos,,https://siemprelistos.com/download/6306/?tmstv=1786944827,https://siemprelistos.com/?dlm_download_category=formularios-maximos-reconocimientos,6306
Máximo-Reconocimiento-Tropa,Formularios Maximos Reconocimientos,,https://siemprelistos.com/download/6309/?tmstv=1786944827,https://siemprelistos.com/?dlm_download_category=formularios-maximos-reconocimientos,6309
Máximo-Reconocimiento-Manada,Formularios Maximos Reconocimientos,,https://siemprelistos.com/download/6312/?tmstv=1786944827,https://siemprelistos.com/?dlm_download_category=formularios-maximos-reconocimientos,6312
Presentación Guías y Scouts Emociones,Emocion Arte,,https://siemprelistos.com/download/10767/?tmstv=1786944830,https://siemprelistos.com/?dlm_download_category=emocion-arte,10767
ABC para subir vídeos de la Etapa ll Virtual al Proyecto “Emocionarte”,Emocion Arte,,https://siemprelistos.com/download/10706/?tmstv=1786944830,https://siemprelistos.com/?dlm_download_category=emocion-arte,10706
Instructivo EmocionArte,Emocion Arte,,https://siemprelistos.com/download/10696/?tmstv=1786944830,https://siemprelistos.com/?dlm_download_category=emocion-arte,10696
Estrategia Talento Humano,Estrategias,,https://siemprelistos.com/download/10762/?tmstv=1786944833,https://siemprelistos.com/?dlm_download_category=estrategias,10762
Estrategia Programa Educativo,Estrategias,,https://siemprelistos.com/download/10760/?tmstv=1786944833,https://siemprelistos.com/?dlm_download_category=estrategias,10760
Estrategia Animación Territorial,Estrategias,,https://siemprelistos.com/download/10758/?tmstv=1786944833,https://siemprelistos.com/?dlm_download_category=estrategias,10758
Brochure Programa Educativo,Estrategias,,https://siemprelistos.com/download/10738/?tmstv=1786944833,https://siemprelistos.com/?dlm_download_category=estrategias,10738
Brochure Talento Humano,Estrategias,,https://siemprelistos.com/download/10735/?tmstv=1786944833,https://siemprelistos.com/?dlm_download_category=estrategias,10735
Brochure Animación Territorial,Estrategias,,https://siemprelistos.com/download/10732/?tmstv=1786944833,https://siemprelistos.com/?dlm_download_category=estrategias,10732
Empecemos 2023,Sistema De Gestion De Adultos,,https://siemprelistos.com/download/8644/?tmstv=1786944835,https://siemprelistos.com/?dlm_download_category=sistema-de-gestion-de-adultos,8644
Evaluadores Gestión,Sistema De Gestion De Adultos,,https://siemprelistos.com/download/8466/?tmstv=1786944835,https://siemprelistos.com/?dlm_download_category=sistema-de-gestion-de-adultos,8466
Evaluadores Comunidad,Sistema De Gestion De Adultos,,https://siemprelistos.com/download/8463/?tmstv=1786944835,https://siemprelistos.com/?dlm_download_category=sistema-de-gestion-de-adultos,8463
Evaluadores de Manada,Sistema De Gestion De Adultos,,https://siemprelistos.com/download/8460/?tmstv=1786944835,https://siemprelistos.com/?dlm_download_category=sistema-de-gestion-de-adultos,8460
Evaluadores Tropa,Sistema De Gestion De Adultos,,https://siemprelistos.com/download/8457/?tmstv=1786944835,https://siemprelistos.com/?dlm_download_category=sistema-de-gestion-de-adultos,8457
Evaluadores Wak,Sistema De Gestion De Adultos,,https://siemprelistos.com/download/8454/?tmstv=1786944835,https://siemprelistos.com/?dlm_download_category=sistema-de-gestion-de-adultos,8454
Formulario Solicitud Insignia de Madera,Sistema De Gestion De Adultos,,https://siemprelistos.com/download/8451/?tmstv=1786944835,https://siemprelistos.com/?dlm_download_category=sistema-de-gestion-de-adultos,8451
Método Educativo de la AMGS,Sistema De Gestion De Adultos,,https://siemprelistos.com/download/5111/?tmstv=1786944835,https://siemprelistos.com/?dlm_download_category=sistema-de-gestion-de-adultos,5111
Manual de Motivación y Reconocimientos 2020,Sistema De Gestion De Adultos,,https://siemprelistos.com/download/5667/?tmstv=1786944835,https://siemprelistos.com/?dlm_download_category=sistema-de-gestion-de-adultos,5667
Un Programa Educativo frente a adversidades,Sistema De Gestion De Adultos,,https://siemprelistos.com/download/5863/?tmstv=1786944835,https://siemprelistos.com/?dlm_download_category=sistema-de-gestion-de-adultos,5863
Formulario Solicitud Insignia de Madera,Sistema De Gestion De Adultos,,https://siemprelistos.com/download/6134/?tmstv=1786944835,https://siemprelistos.com/?dlm_download_category=sistema-de-gestion-de-adultos,6134
Diccionario de Competencia GYS,Sistema De Gestion De Adultos,,https://siemprelistos.com/download/6225/?tmstv=1786944835,https://siemprelistos.com/?dlm_download_category=sistema-de-gestion-de-adultos,6225
9-Tesoreria el manejo de los recursos el grupo y scout,Kit De Herramientas Para Juntas De Grupo,,https://siemprelistos.com/download/6177/?tmstv=1786944837,https://siemprelistos.com/?dlm_download_category=kit-de-herramientas-para-juntas-de-grupo,6177
8-El ciclo de programa,Kit De Herramientas Para Juntas De Grupo,,https://siemprelistos.com/download/6179/?tmstv=1786944837,https://siemprelistos.com/?dlm_download_category=kit-de-herramientas-para-juntas-de-grupo,6179
7- Alianzas,Kit De Herramientas Para Juntas De Grupo,,https://siemprelistos.com/download/6181/?tmstv=1786944837,https://siemprelistos.com/?dlm_download_category=kit-de-herramientas-para-juntas-de-grupo,6181
6- Campamento para padres,Kit De Herramientas Para Juntas De Grupo,,https://siemprelistos.com/download/6183/?tmstv=1786944837,https://siemprelistos.com/?dlm_download_category=kit-de-herramientas-para-juntas-de-grupo,6183
5-Ceremonia de reconocimiento adulto en el movimiento,Kit De Herramientas Para Juntas De Grupo,,https://siemprelistos.com/download/6185/?tmstv=1786944837,https://siemprelistos.com/?dlm_download_category=kit-de-herramientas-para-juntas-de-grupo,6185
4- Como educar en valores Scout,Kit De Herramientas Para Juntas De Grupo,,https://siemprelistos.com/download/6187/?tmstv=1786944837,https://siemprelistos.com/?dlm_download_category=kit-de-herramientas-para-juntas-de-grupo,6187
3-Secciones del Grupo Scout,Kit De Herramientas Para Juntas De Grupo,,https://siemprelistos.com/download/6189/?tmstv=1786944837,https://siemprelistos.com/?dlm_download_category=kit-de-herramientas-para-juntas-de-grupo,6189
2- Lineamientos,Kit De Herramientas Para Juntas De Grupo,,https://siemprelistos.com/download/6191/?tmstv=1786944837,https://siemprelistos.com/?dlm_download_category=kit-de-herramientas-para-juntas-de-grupo,6191
Administracion del Grupo Guia y Scout,Kit De Herramientas Para Juntas De Grupo,,https://siemprelistos.com/download/6193/?tmstv=1786944837,https://siemprelistos.com/?dlm_download_category=kit-de-herramientas-para-juntas-de-grupo,6193
Unidos_en_Casa-Buenas_Practicas-6,Kit Buenas Practicas Para Junta De Grupo,,https://siemprelistos.com/download/5641/?tmstv=1786944839,https://siemprelistos.com/?dlm_download_category=kit-buenas-practicas-para-junta-de-grupo,5641
Unidos en Casa -Buenas Practicas-4,Kit Buenas Practicas Para Junta De Grupo,,https://siemprelistos.com/download/5651/?tmstv=1786944839,https://siemprelistos.com/?dlm_download_category=kit-buenas-practicas-para-junta-de-grupo,5651
Unidos en Casa Buenas Practicas 3,Kit Buenas Practicas Para Junta De Grupo,,https://siemprelistos.com/download/5683/?tmstv=1786944839,https://siemprelistos.com/?dlm_download_category=kit-buenas-practicas-para-junta-de-grupo,5683
Unidos en Casa Buenas Practicas 2,Kit Buenas Practicas Para Junta De Grupo,,https://siemprelistos.com/download/5685/?tmstv=1786944839,https://siemprelistos.com/?dlm_download_category=kit-buenas-practicas-para-junta-de-grupo,5685
Unidos en Casa Buenas Practicas #1,Kit Buenas Practicas Para Junta De Grupo,,https://siemprelistos.com/download/5687/?tmstv=1786944839,https://siemprelistos.com/?dlm_download_category=kit-buenas-practicas-para-junta-de-grupo,5687
Formulario Buenas Prácticas,Kit Buenas Practicas Para Junta De Grupo,,https://siemprelistos.com/download/5689/?tmstv=1786944839,https://siemprelistos.com/?dlm_download_category=kit-buenas-practicas-para-junta-de-grupo,5689
LINEAMIENTOS PARA LA APERTURA DE UN GRUPO GYS,Apertura De Grupo,,https://siemprelistos.com/download/9365/?tmstv=1786944840,https://siemprelistos.com/?dlm_download_category=apertura-de-grupo,9365
Progresión Personal- Ayuda al desarrollo del Programa,Kit De Apoyo Para Dirigente,,https://siemprelistos.com/download/5691/?tmstv=1786944842,https://siemprelistos.com/?dlm_download_category=kit-de-apoyo-para-dirigente,5691
Estructura de la Sección- Ayuda al desarrollo del Programa,Kit De Apoyo Para Dirigente,,https://siemprelistos.com/download/5693/?tmstv=1786944842,https://siemprelistos.com/?dlm_download_category=kit-de-apoyo-para-dirigente,5693
Ciclo de Programa- Ayuda al desarrollo del Programa,Kit De Apoyo Para Dirigente,,https://siemprelistos.com/download/5695/?tmstv=1786944842,https://siemprelistos.com/?dlm_download_category=kit-de-apoyo-para-dirigente,5695
Guía de uso de marca,Imagen Y Comunicacion,Manual De Guia De Uso De Marca,https://siemprelistos.com/download/5733/?tmstv=1712958383,https://siemprelistos.com/descargas/imagen-y-comunicacion/manual-de-guia-de-uso-de-marca/,5733
Fondos de Pantalla,Imagen Y Comunicacion,Papeleria,https://siemprelistos.com/download/5741/?tmstv=1712960981,https://siemprelistos.com/descargas/imagen-y-comunicacion/papeleria/,5741
Tarjeta Solicitud,Imagen Y Comunicacion,Papeleria,https://siemprelistos.com/download/5745/?tmstv=1712961465,https://siemprelistos.com/descargas/imagen-y-comunicacion/papeleria/,5745
Tarjeta de Agradecimiento,Imagen Y Comunicacion,Papeleria,https://siemprelistos.com/download/5759/?tmstv=1712961726,https://siemprelistos.com/descargas/imagen-y-comunicacion/papeleria/,5759
Flyer Razones 2,Imagen Y Comunicacion,Papeleria,https://siemprelistos.com/download/5763/?tmstv=1712961797,https://siemprelistos.com/descargas/imagen-y-comunicacion/papeleria/,5763
Plantillas para presentaciones,Imagen Y Comunicacion,Papeleria,https://siemprelistos.com/download/5743/?tmstv=1712961339,https://siemprelistos.com/descargas/imagen-y-comunicacion/papeleria/,5743
Tarjeta Grupo,Imagen Y Comunicacion,Papeleria,https://siemprelistos.com/download/5747/?tmstv=1712961542,https://siemprelistos.com/descargas/imagen-y-comunicacion/papeleria/,5747
Separadores,Imagen Y Comunicacion,Papeleria,https://siemprelistos.com/download/5761/?tmstv=1712961751,https://siemprelistos.com/descargas/imagen-y-comunicacion/papeleria/,5761
Promocionales,Imagen Y Comunicacion,Materiales Promocionales,https://siemprelistos.com/download/5828/?tmstv=1713299856,https://siemprelistos.com/descargas/imagen-y-comunicacion/materiales-promocionales/,5828
Promocionales niños,Imagen Y Comunicacion,Materiales Promocionales,https://siemprelistos.com/download/5771/?tmstv=1713300912,https://siemprelistos.com/descargas/imagen-y-comunicacion/materiales-promocionales/,5771
Flyer para Padres,Imagen Y Comunicacion,Materiales Promocionales,https://siemprelistos.com/download/5671/?tmstv=1713301218,https://siemprelistos.com/descargas/imagen-y-comunicacion/materiales-promocionales/,5671
Roller,Imagen Y Comunicacion,Materiales Promocionales,https://siemprelistos.com/download/5749/?tmstv=1713302721,https://siemprelistos.com/descargas/imagen-y-comunicacion/materiales-promocionales/,5749
Roller Up 3,Imagen Y Comunicacion,Materiales Promocionales,https://siemprelistos.com/download/5753/?tmstv=1713302935,https://siemprelistos.com/descargas/imagen-y-comunicacion/materiales-promocionales/,5753
Roller Up 1,Imagen Y Comunicacion,Materiales Promocionales,https://siemprelistos.com/download/5765/?tmstv=1713303126,https://siemprelistos.com/descargas/imagen-y-comunicacion/materiales-promocionales/,5765
Broches - Stickers Secciones,Imagen Y Comunicacion,Materiales Promocionales,https://siemprelistos.com/download/5735/?tmstv=1713303636,https://siemprelistos.com/descargas/imagen-y-comunicacion/materiales-promocionales/,5735
Pulseras,Imagen Y Comunicacion,Materiales Promocionales,https://siemprelistos.com/download/5739/?tmstv=1713304050,https://siemprelistos.com/descargas/imagen-y-comunicacion/materiales-promocionales/,5739
Broches Desafio Scout,Imagen Y Comunicacion,Materiales Promocionales,https://siemprelistos.com/download/5769/?tmstv=1713300860,https://siemprelistos.com/descargas/imagen-y-comunicacion/materiales-promocionales/,5769
Sticker Adultos,Imagen Y Comunicacion,Materiales Promocionales,https://siemprelistos.com/download/5775/?tmstv=1713301128,https://siemprelistos.com/descargas/imagen-y-comunicacion/materiales-promocionales/,5775
Carpeta Genérica,Imagen Y Comunicacion,Materiales Promocionales,https://siemprelistos.com/download/5755/?tmstv=1713302570,https://siemprelistos.com/descargas/imagen-y-comunicacion/materiales-promocionales/,5755
Props,Imagen Y Comunicacion,Materiales Promocionales,https://siemprelistos.com/download/5751/?tmstv=1713302869,https://siemprelistos.com/descargas/imagen-y-comunicacion/materiales-promocionales/,5751
Roller Up 2,Imagen Y Comunicacion,Materiales Promocionales,https://siemprelistos.com/download/5757/?tmstv=1713303000,https://siemprelistos.com/descargas/imagen-y-comunicacion/materiales-promocionales/,5757
Plumas Publicitarias,Imagen Y Comunicacion,Materiales Promocionales,https://siemprelistos.com/download/5767/?tmstv=1713303255,https://siemprelistos.com/descargas/imagen-y-comunicacion/materiales-promocionales/,5767
Bandera,Imagen Y Comunicacion,Materiales Promocionales,https://siemprelistos.com/download/5737/?tmstv=1713303878,https://siemprelistos.com/descargas/imagen-y-comunicacion/materiales-promocionales/,5737
Lanyard,Imagen Y Comunicacion,Materiales Promocionales,https://siemprelistos.com/download/9333/?tmstv=1738108574,https://siemprelistos.com/descargas/imagen-y-comunicacion/materiales-promocionales/,9333
Material de Captación,Imagen Y Comunicacion,Materiales De Captacion De Grupo,https://siemprelistos.com/download/5773/?tmstv=1713305661,https://siemprelistos.com/descargas/imagen-y-comunicacion/materiales-de-captacion-de-grupo/,5773
A Salvo del Peligro,Ayudas A Programas Edicion 1,,https://siemprelistos.com/download/5488/?tmstv=1786944850,https://siemprelistos.com/?dlm_download_category=ayudas-a-programas-edicion-1,5488
Ayuda a Programa WAK,Ayudas A Programas Edicion 1,,https://siemprelistos.com/download/5490/?tmstv=1786944850,https://siemprelistos.com/?dlm_download_category=ayudas-a-programas-edicion-1,5490
Ayuda a Programa Tropa,Ayudas A Programas Edicion 1,,https://siemprelistos.com/download/5492/?tmstv=1786944850,https://siemprelistos.com/?dlm_download_category=ayudas-a-programas-edicion-1,5492
Ayuda a Programa Manada,Ayudas A Programas Edicion 1,,https://siemprelistos.com/download/5494/?tmstv=1786944850,https://siemprelistos.com/?dlm_download_category=ayudas-a-programas-edicion-1,5494
Ayuda a Manada,Ayudas A Programas Edicion 1,,https://siemprelistos.com/download/5496/?tmstv=1786944850,https://siemprelistos.com/?dlm_download_category=ayudas-a-programas-edicion-1,5496
Ayuda a Programa Comunidad,Ayudas A Programas Edicion 2,,https://siemprelistos.com/download/5478/?tmstv=1786944852,https://siemprelistos.com/?dlm_download_category=ayudas-a-programas-edicion-2,5478
Ayuda a Programa Manada,Ayudas A Programas Edicion 2,,https://siemprelistos.com/download/5480/?tmstv=1786944852,https://siemprelistos.com/?dlm_download_category=ayudas-a-programas-edicion-2,5480
Ayuda a Manada COMIC,Ayudas A Programas Edicion 2,,https://siemprelistos.com/download/5482/?tmstv=1786944852,https://siemprelistos.com/?dlm_download_category=ayudas-a-programas-edicion-2,5482
Ayuda a Programa Tropa,Ayudas A Programas Edicion 2,,https://siemprelistos.com/download/5484/?tmstv=1786944852,https://siemprelistos.com/?dlm_download_category=ayudas-a-programas-edicion-2,5484
Ayuda a Programa WAK,Ayudas A Programas Edicion 2,,https://siemprelistos.com/download/5486/?tmstv=1786944852,https://siemprelistos.com/?dlm_download_category=ayudas-a-programas-edicion-2,5486
Acuerdos JDN-2023-24 del mes de SEPTIEMBRE 2023,Acuerdos Junta Directiva Nacional Periodo 2023 2024,,https://siemprelistos.com/download/5109/?tmstv=1786944854,https://siemprelistos.com/?dlm_download_category=acuerdos-junta-directiva-nacional-periodo-2023-2024,5109
Acuerdos JDN-2023-24 del mes de AGOSTO 2023,Acuerdos Junta Directiva Nacional Periodo 2023 2024,,https://siemprelistos.com/download/5131/?tmstv=1786944854,https://siemprelistos.com/?dlm_download_category=acuerdos-junta-directiva-nacional-periodo-2023-2024,5131
Acuerdos JDN-2023-24 del mes de JULIO 2023,Acuerdos Junta Directiva Nacional Periodo 2023 2024,,https://siemprelistos.com/download/5133/?tmstv=1786944854,https://siemprelistos.com/?dlm_download_category=acuerdos-junta-directiva-nacional-periodo-2023-2024,5133
Acuerdos JDN-2023-24 del mes de JUNIO 2023,Acuerdos Junta Directiva Nacional Periodo 2023 2024,,https://siemprelistos.com/download/5135/?tmstv=1786944854,https://siemprelistos.com/?dlm_download_category=acuerdos-junta-directiva-nacional-periodo-2023-2024,5135
Acuerdos JDN-2023-24 del mes de MAYO 2023,Acuerdos Junta Directiva Nacional Periodo 2023 2024,,https://siemprelistos.com/download/5155/?tmstv=1786944854,https://siemprelistos.com/?dlm_download_category=acuerdos-junta-directiva-nacional-periodo-2023-2024,5155
Acuerdos JDN-2023-24 del mes de ABRIL 2023,Acuerdos Junta Directiva Nacional Periodo 2023 2024,,https://siemprelistos.com/download/5171/?tmstv=1786944854,https://siemprelistos.com/?dlm_download_category=acuerdos-junta-directiva-nacional-periodo-2023-2024,5171
Acuerdos JDN el mes de AGOSTO 2022,Acuerdos De Junta Directiva Nacional Periodo 2021 2022,,https://siemprelistos.com/download/5324/?tmstv=1786944855,https://siemprelistos.com/?dlm_download_category=acuerdos-de-junta-directiva-nacional-periodo-2021-2022,5324
Acuerdos JDN el mes de JULIO 2022,Acuerdos De Junta Directiva Nacional Periodo 2021 2022,,https://siemprelistos.com/download/5326/?tmstv=1786944855,https://siemprelistos.com/?dlm_download_category=acuerdos-de-junta-directiva-nacional-periodo-2021-2022,5326
Acuerdos JDN del mes de JUNIO 2022,Acuerdos De Junta Directiva Nacional Periodo 2021 2022,,https://siemprelistos.com/download/5328/?tmstv=1786944855,https://siemprelistos.com/?dlm_download_category=acuerdos-de-junta-directiva-nacional-periodo-2021-2022,5328
Acuerdos JDN del mes de MAYO 2022,Acuerdos De Junta Directiva Nacional Periodo 2021 2022,,https://siemprelistos.com/download/5330/?tmstv=1786944855,https://siemprelistos.com/?dlm_download_category=acuerdos-de-junta-directiva-nacional-periodo-2021-2022,5330
Acuerdos JDN del mes de ABRIL 2022,Acuerdos De Junta Directiva Nacional Periodo 2021 2022,,https://siemprelistos.com/download/5332/?tmstv=1786944855,https://siemprelistos.com/?dlm_download_category=acuerdos-de-junta-directiva-nacional-periodo-2021-2022,5332
Acuerdos JDN del mes de MARZO 2022,Acuerdos De Junta Directiva Nacional Periodo 2021 2022,,https://siemprelistos.com/download/5334/?tmstv=1786944855,https://siemprelistos.com/?dlm_download_category=acuerdos-de-junta-directiva-nacional-periodo-2021-2022,5334
Acuerdos JDN del mes de FEBRERO 2022,Acuerdos De Junta Directiva Nacional Periodo 2021 2022,,https://siemprelistos.com/download/5354/?tmstv=1786944855,https://siemprelistos.com/?dlm_download_category=acuerdos-de-junta-directiva-nacional-periodo-2021-2022,5354
Acuerdos JDN del mes de abril 2021,Acuerdos De Junta Directiva Nacional Periodo 2021 2022,,https://siemprelistos.com/download/5436/?tmstv=1786944855,https://siemprelistos.com/?dlm_download_category=acuerdos-de-junta-directiva-nacional-periodo-2021-2022,5436
Acuerdos JDN del mes de mayo 2021,Acuerdos De Junta Directiva Nacional Periodo 2021 2022,,https://siemprelistos.com/download/5438/?tmstv=1786944855,https://siemprelistos.com/?dlm_download_category=acuerdos-de-junta-directiva-nacional-periodo-2021-2022,5438
Acuerdos JDN del mes de junio 2021,Acuerdos De Junta Directiva Nacional Periodo 2021 2022,,https://siemprelistos.com/download/5440/?tmstv=1786944855,https://siemprelistos.com/?dlm_download_category=acuerdos-de-junta-directiva-nacional-periodo-2021-2022,5440
Acuerdos JDN del mes de julio 2021,Acuerdos De Junta Directiva Nacional Periodo 2021 2022,,https://siemprelistos.com/download/5442/?tmstv=1786944855,https://siemprelistos.com/?dlm_download_category=acuerdos-de-junta-directiva-nacional-periodo-2021-2022,5442
Acuerdos JDN del mes de agosto  2021,Acuerdos De Junta Directiva Nacional Periodo 2021 2022,,https://siemprelistos.com/download/5444/?tmstv=1786944855,https://siemprelistos.com/?dlm_download_category=acuerdos-de-junta-directiva-nacional-periodo-2021-2022,5444
Acuerdos JDN del mes de septiembre  2021,Acuerdos De Junta Directiva Nacional Periodo 2021 2022,,https://siemprelistos.com/download/5446/?tmstv=1786944855,https://siemprelistos.com/?dlm_download_category=acuerdos-de-junta-directiva-nacional-periodo-2021-2022,5446
Acuerdos JDN del mes de octubre  2021,Acuerdos De Junta Directiva Nacional Periodo 2021 2022,,https://siemprelistos.com/download/5448/?tmstv=1786944855,https://siemprelistos.com/?dlm_download_category=acuerdos-de-junta-directiva-nacional-periodo-2021-2022,5448
Acuerdos JDN del mes de noviembre 2021,Acuerdos De Junta Directiva Nacional Periodo 2021 2022,,https://siemprelistos.com/download/5450/?tmstv=1786944856,https://siemprelistos.com/?dlm_download_category=acuerdos-de-junta-directiva-nacional-periodo-2021-2022,5450
Acuerdos JDN del mes de diciembre 2021,Acuerdos De Junta Directiva Nacional Periodo 2021 2022,,https://siemprelistos.com/download/5452/?tmstv=1786944856,https://siemprelistos.com/?dlm_download_category=acuerdos-de-junta-directiva-nacional-periodo-2021-2022,5452
Acuerdos JDN del mes de ENERO 2022,Acuerdos De Junta Directiva Nacional Periodo 2021 2022,,https://siemprelistos.com/download/5454/?tmstv=1786944856,https://siemprelistos.com/?dlm_download_category=acuerdos-de-junta-directiva-nacional-periodo-2021-2022,5454
Acuerdos JDN del mes de MARZO  2023,Acuerdos Junta Directiva Nacional Periodo 2022 2023,,https://siemprelistos.com/download/5185/?tmstv=1786944857,https://siemprelistos.com/?dlm_download_category=acuerdos-junta-directiva-nacional-periodo-2022-2023,5185
Acuerdos JDN del mes de FEBRERO  2023,Acuerdos Junta Directiva Nacional Periodo 2022 2023,,https://siemprelistos.com/download/5186/?tmstv=1786944857,https://siemprelistos.com/?dlm_download_category=acuerdos-junta-directiva-nacional-periodo-2022-2023,5186
Acuerdos JDN del mes de ENERO  2023,Acuerdos Junta Directiva Nacional Periodo 2022 2023,,https://siemprelistos.com/download/5220/?tmstv=1786944857,https://siemprelistos.com/?dlm_download_category=acuerdos-junta-directiva-nacional-periodo-2022-2023,5220
Acuerdos JDN del mes de DICIEMBRE 2022,Acuerdos Junta Directiva Nacional Periodo 2022 2023,,https://siemprelistos.com/download/5230/?tmstv=1786944857,https://siemprelistos.com/?dlm_download_category=acuerdos-junta-directiva-nacional-periodo-2022-2023,5230
Acuerdos JDN del mes de NOVIEMBRE 2022,Acuerdos Junta Directiva Nacional Periodo 2022 2023,,https://siemprelistos.com/download/5232/?tmstv=1786944857,https://siemprelistos.com/?dlm_download_category=acuerdos-junta-directiva-nacional-periodo-2022-2023,5232
Acuerdos JDN del mes de OCTUBRE 2022,Acuerdos Junta Directiva Nacional Periodo 2022 2023,,https://siemprelistos.com/download/5257/?tmstv=1786944857,https://siemprelistos.com/?dlm_download_category=acuerdos-junta-directiva-nacional-periodo-2022-2023,5257
Acuerdos JDN del mes de SEPTIEMBRE 2022,Acuerdos Junta Directiva Nacional Periodo 2022 2023,,https://siemprelistos.com/download/5259/?tmstv=1786944857,https://siemprelistos.com/?dlm_download_category=acuerdos-junta-directiva-nacional-periodo-2022-2023,5259
2026-27-ACT09 JDN-OR (05-06-2026),Actas De Junta Directiva Nacional Periodo 2026 2027,,https://siemprelistos.com/download/12429/?tmstv=1786944859,https://siemprelistos.com/?dlm_download_category=actas-de-junta-directiva-nacional-periodo-2026-2027,12429
2026-27-ACT08 JDN-EX (29-05-2026),Actas De Junta Directiva Nacional Periodo 2026 2027,,https://siemprelistos.com/download/12426/?tmstv=1786944859,https://siemprelistos.com/?dlm_download_category=actas-de-junta-directiva-nacional-periodo-2026-2027,12426
2026-27-ACT07 JDN-EX (16-05-2026),Actas De Junta Directiva Nacional Periodo 2026 2027,,https://siemprelistos.com/download/12423/?tmstv=1786944859,https://siemprelistos.com/?dlm_download_category=actas-de-junta-directiva-nacional-periodo-2026-2027,12423
2026-27-ACT06 JDN-EX (15-05-2026),Actas De Junta Directiva Nacional Periodo 2026 2027,,https://siemprelistos.com/download/12420/?tmstv=1786944859,https://siemprelistos.com/?dlm_download_category=actas-de-junta-directiva-nacional-periodo-2026-2027,12420
2026-27-ACT05 JDN-EX (09-05-2026),Actas De Junta Directiva Nacional Periodo 2026 2027,,https://siemprelistos.com/download/12417/?tmstv=1786944859,https://siemprelistos.com/?dlm_download_category=actas-de-junta-directiva-nacional-periodo-2026-2027,12417
2026-27-ACT04 JDN-OR (04-05-2026),Actas De Junta Directiva Nacional Periodo 2026 2027,,https://siemprelistos.com/download/12414/?tmstv=1786944859,https://siemprelistos.com/?dlm_download_category=actas-de-junta-directiva-nacional-periodo-2026-2027,12414
2026-27-ACT03 JDN-EX (02-05-2026),Actas De Junta Directiva Nacional Periodo 2026 2027,,https://siemprelistos.com/download/12411/?tmstv=1786944859,https://siemprelistos.com/?dlm_download_category=actas-de-junta-directiva-nacional-periodo-2026-2027,12411
2026-27-ACT02 JDN-EX (22-04-2026),Actas De Junta Directiva Nacional Periodo 2026 2027,,https://siemprelistos.com/download/12356/?tmstv=1786944859,https://siemprelistos.com/?dlm_download_category=actas-de-junta-directiva-nacional-periodo-2026-2027,12356
2026-27-ACT01 JDN-OR (10-04-2026),Actas De Junta Directiva Nacional Periodo 2026 2027,,https://siemprelistos.com/download/12353/?tmstv=1786944859,https://siemprelistos.com/?dlm_download_category=actas-de-junta-directiva-nacional-periodo-2026-2027,12353
2024-25-ACT41 JDN-EX (28-03-2025),Actas De Junta Directiva Nacional Periodo 2024 2025,,https://siemprelistos.com/download/9969/?tmstv=1786944861,https://siemprelistos.com/?dlm_download_category=actas-de-junta-directiva-nacional-periodo-2024-2025,9969
2024-25-ACT40 JDN-EX (19-03-2025),Actas De Junta Directiva Nacional Periodo 2024 2025,,https://siemprelistos.com/download/9966/?tmstv=1786944861,https://siemprelistos.com/?dlm_download_category=actas-de-junta-directiva-nacional-periodo-2024-2025,9966
2024-25-ACT39 JDN-EX (15-03-2025),Actas De Junta Directiva Nacional Periodo 2024 2025,,https://siemprelistos.com/download/9963/?tmstv=1786944861,https://siemprelistos.com/?dlm_download_category=actas-de-junta-directiva-nacional-periodo-2024-2025,9963
2024-25-ACT38 JDN-EX (12-03-2025),Actas De Junta Directiva Nacional Periodo 2024 2025,,https://siemprelistos.com/download/9960/?tmstv=1786944861,https://siemprelistos.com/?dlm_download_category=actas-de-junta-directiva-nacional-periodo-2024-2025,9960
2024-25-ACT37 JDN-EX (10-03-2025),Actas De Junta Directiva Nacional Periodo 2024 2025,,https://siemprelistos.com/download/9957/?tmstv=1786944861,https://siemprelistos.com/?dlm_download_category=actas-de-junta-directiva-nacional-periodo-2024-2025,9957
2024-25-ACT36 JDN-EX (10-03-2025),Actas De Junta Directiva Nacional Periodo 2024 2025,,https://siemprelistos.com/download/9954/?tmstv=1786944861,https://siemprelistos.com/?dlm_download_category=actas-de-junta-directiva-nacional-periodo-2024-2025,9954
2024-25-ACT35 JDN-OR (07-03-2025),Actas De Junta Directiva Nacional Periodo 2024 2025,,https://siemprelistos.com/download/9951/?tmstv=1786944861,https://siemprelistos.com/?dlm_download_category=actas-de-junta-directiva-nacional-periodo-2024-2025,9951
2024-25-ACT34 JDN-EX (19-02-2025),Actas De Junta Directiva Nacional Periodo 2024 2025,,https://siemprelistos.com/download/9948/?tmstv=1786944861,https://siemprelistos.com/?dlm_download_category=actas-de-junta-directiva-nacional-periodo-2024-2025,9948
2024-25-ACT33 JDN-EX (13-02-2025),Actas De Junta Directiva Nacional Periodo 2024 2025,,https://siemprelistos.com/download/9745/?tmstv=1786944861,https://siemprelistos.com/?dlm_download_category=actas-de-junta-directiva-nacional-periodo-2024-2025,9745
2024-25-ACT32 JDN-OR (07-02-2025),Actas De Junta Directiva Nacional Periodo 2024 2025,,https://siemprelistos.com/download/9742/?tmstv=1786944861,https://siemprelistos.com/?dlm_download_category=actas-de-junta-directiva-nacional-periodo-2024-2025,9742
2024-25-ACT31 JDN-EX (24-01-2025),Actas De Junta Directiva Nacional Periodo 2024 2025,,https://siemprelistos.com/download/9739/?tmstv=1786944861,https://siemprelistos.com/?dlm_download_category=actas-de-junta-directiva-nacional-periodo-2024-2025,9739
2024-25-ACT30 JDN-OR (10-01-2025),Actas De Junta Directiva Nacional Periodo 2024 2025,,https://siemprelistos.com/download/9408/?tmstv=1786944861,https://siemprelistos.com/?dlm_download_category=actas-de-junta-directiva-nacional-periodo-2024-2025,9408
2024-25-ACT29 JDN-EX (13-12-2024),Actas De Junta Directiva Nacional Periodo 2024 2025,,https://siemprelistos.com/download/9405/?tmstv=1786944861,https://siemprelistos.com/?dlm_download_category=actas-de-junta-directiva-nacional-periodo-2024-2025,9405
2024-25-ACT28 JDN-OR (06-12-2024),Actas De Junta Directiva Nacional Periodo 2024 2025,,https://siemprelistos.com/download/9402/?tmstv=1786944861,https://siemprelistos.com/?dlm_download_category=actas-de-junta-directiva-nacional-periodo-2024-2025,9402
2024-25-ACT27 JDN-EX (27-11-2024),Actas De Junta Directiva Nacional Periodo 2024 2025,,https://siemprelistos.com/download/9399/?tmstv=1786944861,https://siemprelistos.com/?dlm_download_category=actas-de-junta-directiva-nacional-periodo-2024-2025,9399
2024-25-ACT26 JDN-OR (13-11-2024),Actas De Junta Directiva Nacional Periodo 2024 2025,,https://siemprelistos.com/download/9272/?tmstv=1786944861,https://siemprelistos.com/?dlm_download_category=actas-de-junta-directiva-nacional-periodo-2024-2025,9272
2024-25-ACT25 JDN-EX (30-10-2024),Actas De Junta Directiva Nacional Periodo 2024 2025,,https://siemprelistos.com/download/9269/?tmstv=1786944861,https://siemprelistos.com/?dlm_download_category=actas-de-junta-directiva-nacional-periodo-2024-2025,9269
2024-25-ACT24 JDN-EX (17-10-2024),Actas De Junta Directiva Nacional Periodo 2024 2025,,https://siemprelistos.com/download/9266/?tmstv=1786944861,https://siemprelistos.com/?dlm_download_category=actas-de-junta-directiva-nacional-periodo-2024-2025,9266
2024-25-ACT23 JDN-EX (16-10-2024),Actas De Junta Directiva Nacional Periodo 2024 2025,,https://siemprelistos.com/download/9263/?tmstv=1786944861,https://siemprelistos.com/?dlm_download_category=actas-de-junta-directiva-nacional-periodo-2024-2025,9263
2024-25-ACT22 JDN-EX (05-10-2024),Actas De Junta Directiva Nacional Periodo 2024 2025,,https://siemprelistos.com/download/9260/?tmstv=1786944861,https://siemprelistos.com/?dlm_download_category=actas-de-junta-directiva-nacional-periodo-2024-2025,9260
2024-25-ACT21 JDN-OR (04-10-2024),Actas De Junta Directiva Nacional Periodo 2024 2025,,https://siemprelistos.com/download/9257/?tmstv=1786944861,https://siemprelistos.com/?dlm_download_category=actas-de-junta-directiva-nacional-periodo-2024-2025,9257
2024-25-ACT20 JDN-EX (30-09-2024),Actas De Junta Directiva Nacional Periodo 2024 2025,,https://siemprelistos.com/download/9254/?tmstv=1786944861,https://siemprelistos.com/?dlm_download_category=actas-de-junta-directiva-nacional-periodo-2024-2025,9254
2024-25-ACT19 JDN-OR (18-09-2024),Actas De Junta Directiva Nacional Periodo 2024 2025,,https://siemprelistos.com/download/9251/?tmstv=1786944861,https://siemprelistos.com/?dlm_download_category=actas-de-junta-directiva-nacional-periodo-2024-2025,9251
2024-25-ACT18 JDN-EX (07-09-2024),Actas De Junta Directiva Nacional Periodo 2024 2025,,https://siemprelistos.com/download/9248/?tmstv=1786944861,https://siemprelistos.com/?dlm_download_category=actas-de-junta-directiva-nacional-periodo-2024-2025,9248
2024-25-ACT17 JDN-OR (06-09-2024),Actas De Junta Directiva Nacional Periodo 2024 2025,,https://siemprelistos.com/download/9245/?tmstv=1786944861,https://siemprelistos.com/?dlm_download_category=actas-de-junta-directiva-nacional-periodo-2024-2025,9245
2024-25-ACT16 JDN-EX (28-08-2024),Actas De Junta Directiva Nacional Periodo 2024 2025,,https://siemprelistos.com/download/9242/?tmstv=1786944861,https://siemprelistos.com/?dlm_download_category=actas-de-junta-directiva-nacional-periodo-2024-2025,9242
2024-25-ACT15 JDN-EX (21-08-2024),Actas De Junta Directiva Nacional Periodo 2024 2025,,https://siemprelistos.com/download/9239/?tmstv=1786944861,https://siemprelistos.com/?dlm_download_category=actas-de-junta-directiva-nacional-periodo-2024-2025,9239
2024-25-ACT14 JDN-EX (10-08-2024),Actas De Junta Directiva Nacional Periodo 2024 2025,,https://siemprelistos.com/download/9236/?tmstv=1786944861,https://siemprelistos.com/?dlm_download_category=actas-de-junta-directiva-nacional-periodo-2024-2025,9236
2024-25-ACT13 JDN-OR (09-08-2024),Actas De Junta Directiva Nacional Periodo 2024 2025,,https://siemprelistos.com/download/9233/?tmstv=1786944861,https://siemprelistos.com/?dlm_download_category=actas-de-junta-directiva-nacional-periodo-2024-2025,9233
2024-25-ACT12 JDN-EX (24-07-2024),Actas De Junta Directiva Nacional Periodo 2024 2025,,https://siemprelistos.com/download/9230/?tmstv=1786944861,https://siemprelistos.com/?dlm_download_category=actas-de-junta-directiva-nacional-periodo-2024-2025,9230
2024-25-ACT11 JDN-EX (17-07-2024),Actas De Junta Directiva Nacional Periodo 2024 2025,,https://siemprelistos.com/download/9227/?tmstv=1786944861,https://siemprelistos.com/?dlm_download_category=actas-de-junta-directiva-nacional-periodo-2024-2025,9227
2024-25-ACT10 JDN-OR (05-07-2024),Actas De Junta Directiva Nacional Periodo 2024 2025,,https://siemprelistos.com/download/9224/?tmstv=1786944861,https://siemprelistos.com/?dlm_download_category=actas-de-junta-directiva-nacional-periodo-2024-2025,9224
2024-25-ACT09-JDN-EX-19-06-2024,Actas De Junta Directiva Nacional Periodo 2024 2025,,https://siemprelistos.com/download/8374/?tmstv=1786944861,https://siemprelistos.com/?dlm_download_category=actas-de-junta-directiva-nacional-periodo-2024-2025,8374
2024-25-ACT08-JDN-OR-07-06-2024,Actas De Junta Directiva Nacional Periodo 2024 2025,,https://siemprelistos.com/download/8371/?tmstv=1786944861,https://siemprelistos.com/?dlm_download_category=actas-de-junta-directiva-nacional-periodo-2024-2025,8371
2024-25-ACT07-JDN-EX-29-05-2024,Actas De Junta Directiva Nacional Periodo 2024 2025,,https://siemprelistos.com/download/8368/?tmstv=1786944861,https://siemprelistos.com/?dlm_download_category=actas-de-junta-directiva-nacional-periodo-2024-2025,8368
2024-25-ACT06-JDN-EX-29-05-2024,Actas De Junta Directiva Nacional Periodo 2024 2025,,https://siemprelistos.com/download/8365/?tmstv=1786944861,https://siemprelistos.com/?dlm_download_category=actas-de-junta-directiva-nacional-periodo-2024-2025,8365
2024-25-ACT05-JDN-EX-15-05-2024,Actas De Junta Directiva Nacional Periodo 2024 2025,,https://siemprelistos.com/download/8362/?tmstv=1786944861,https://siemprelistos.com/?dlm_download_category=actas-de-junta-directiva-nacional-periodo-2024-2025,8362
2024-25-ACT04-JDN-OR-03-05-2024,Actas De Junta Directiva Nacional Periodo 2024 2025,,https://siemprelistos.com/download/8359/?tmstv=1786944861,https://siemprelistos.com/?dlm_download_category=actas-de-junta-directiva-nacional-periodo-2024-2025,8359
2024-25-ACT03-JDN-EX-17-04-2024,Actas De Junta Directiva Nacional Periodo 2024 2025,,https://siemprelistos.com/download/8356/?tmstv=1786944861,https://siemprelistos.com/?dlm_download_category=actas-de-junta-directiva-nacional-periodo-2024-2025,8356
2024-25-ACT02-JDN-EX-10-04-2024,Actas De Junta Directiva Nacional Periodo 2024 2025,,https://siemprelistos.com/download/8352/?tmstv=1786944861,https://siemprelistos.com/?dlm_download_category=actas-de-junta-directiva-nacional-periodo-2024-2025,8352
2024-25-ACT01-JDN-OR-03-04-2024,Actas De Junta Directiva Nacional Periodo 2024 2025,,https://siemprelistos.com/download/8349/?tmstv=1786944861,https://siemprelistos.com/?dlm_download_category=actas-de-junta-directiva-nacional-periodo-2024-2025,8349
2022-23-ACT48 JDN-EX (29-03-2023),Actas De Junta Directiva Nacional Periodo 2022 2023,,https://siemprelistos.com/download/5163/?tmstv=1786944863,https://siemprelistos.com/?dlm_download_category=actas-de-junta-directiva-nacional-periodo-2022-2023,5163
2022-23-ACT47 JDN-EX (25-03-2023),Actas De Junta Directiva Nacional Periodo 2022 2023,,https://siemprelistos.com/download/5165/?tmstv=1786944863,https://siemprelistos.com/?dlm_download_category=actas-de-junta-directiva-nacional-periodo-2022-2023,5165
2022-23-ACT46 JDN-EX (21-03-2023),Actas De Junta Directiva Nacional Periodo 2022 2023,,https://siemprelistos.com/download/5167/?tmstv=1786944863,https://siemprelistos.com/?dlm_download_category=actas-de-junta-directiva-nacional-periodo-2022-2023,5167
2022-23-ACT45 JDN-EX (18-03-2023),Actas De Junta Directiva Nacional Periodo 2022 2023,,https://siemprelistos.com/download/5173/?tmstv=1786944863,https://siemprelistos.com/?dlm_download_category=actas-de-junta-directiva-nacional-periodo-2022-2023,5173
2022-23-ACT44 JDN-EX (15-03-2023),Actas De Junta Directiva Nacional Periodo 2022 2023,,https://siemprelistos.com/download/5175/?tmstv=1786944863,https://siemprelistos.com/?dlm_download_category=actas-de-junta-directiva-nacional-periodo-2022-2023,5175
2022-23-ACT43 JDN-EX (09-03-2023),Actas De Junta Directiva Nacional Periodo 2022 2023,,https://siemprelistos.com/download/5177/?tmstv=1786944863,https://siemprelistos.com/?dlm_download_category=actas-de-junta-directiva-nacional-periodo-2022-2023,5177
2022-23-ACT42 JDN-OR (02-03-2023),Actas De Junta Directiva Nacional Periodo 2022 2023,,https://siemprelistos.com/download/5179/?tmstv=1786944863,https://siemprelistos.com/?dlm_download_category=actas-de-junta-directiva-nacional-periodo-2022-2023,5179
2022-23-ACT41 JDN-EX (27-02-2023),Actas De Junta Directiva Nacional Periodo 2022 2023,,https://siemprelistos.com/download/5181/?tmstv=1786944863,https://siemprelistos.com/?dlm_download_category=actas-de-junta-directiva-nacional-periodo-2022-2023,5181
2022-23-ACT40 JDN-EX (27-02-2023),Actas De Junta Directiva Nacional Periodo 2022 2023,,https://siemprelistos.com/download/5183/?tmstv=1786944863,https://siemprelistos.com/?dlm_download_category=actas-de-junta-directiva-nacional-periodo-2022-2023,5183
2022-23-ACT39 JDN-EX (21-02-2023),Actas De Junta Directiva Nacional Periodo 2022 2023,,https://siemprelistos.com/download/5206/?tmstv=1786944863,https://siemprelistos.com/?dlm_download_category=actas-de-junta-directiva-nacional-periodo-2022-2023,5206
2022-23-ACT38 JDN-EX (15-02-2023),Actas De Junta Directiva Nacional Periodo 2022 2023,,https://siemprelistos.com/download/5208/?tmstv=1786944863,https://siemprelistos.com/?dlm_download_category=actas-de-junta-directiva-nacional-periodo-2022-2023,5208
2022-23-ACT37 JDN-EX (09-02-2023),Actas De Junta Directiva Nacional Periodo 2022 2023,,https://siemprelistos.com/download/5210/?tmstv=1786944863,https://siemprelistos.com/?dlm_download_category=actas-de-junta-directiva-nacional-periodo-2022-2023,5210
2022-23-ACT36 JDN-EX (08-02-2023),Actas De Junta Directiva Nacional Periodo 2022 2023,,https://siemprelistos.com/download/5212/?tmstv=1786944863,https://siemprelistos.com/?dlm_download_category=actas-de-junta-directiva-nacional-periodo-2022-2023,5212
2022-23-ACT35 JDN-EX (01-02-2023),Actas De Junta Directiva Nacional Periodo 2022 2023,,https://siemprelistos.com/download/5214/?tmstv=1786944863,https://siemprelistos.com/?dlm_download_category=actas-de-junta-directiva-nacional-periodo-2022-2023,5214
2022-23-ACT34 JDN-EX (18-01-2023),Actas De Junta Directiva Nacional Periodo 2022 2023,,https://siemprelistos.com/download/5216/?tmstv=1786944863,https://siemprelistos.com/?dlm_download_category=actas-de-junta-directiva-nacional-periodo-2022-2023,5216
2022-23-ACT33 JDN-OR (11-01-2023),Actas De Junta Directiva Nacional Periodo 2022 2023,,https://siemprelistos.com/download/5218/?tmstv=1786944863,https://siemprelistos.com/?dlm_download_category=actas-de-junta-directiva-nacional-periodo-2022-2023,5218
2022-23-ACT32 JDN-EX (14-12-2022),Actas De Junta Directiva Nacional Periodo 2022 2023,,https://siemprelistos.com/download/5234/?tmstv=1786944863,https://siemprelistos.com/?dlm_download_category=actas-de-junta-directiva-nacional-periodo-2022-2023,5234
2022-23-ACT31 JDN-OR (07-12-2022),Actas De Junta Directiva Nacional Periodo 2022 2023,,https://siemprelistos.com/download/5236/?tmstv=1786944863,https://siemprelistos.com/?dlm_download_category=actas-de-junta-directiva-nacional-periodo-2022-2023,5236
2022-23-ACT30 JDN-EX (18-11-2022),Actas De Junta Directiva Nacional Periodo 2022 2023,,https://siemprelistos.com/download/5238/?tmstv=1786944863,https://siemprelistos.com/?dlm_download_category=actas-de-junta-directiva-nacional-periodo-2022-2023,5238
2022-23-ACT29 JDN-EX (16-11-2022),Actas De Junta Directiva Nacional Periodo 2022 2023,,https://siemprelistos.com/download/5240/?tmstv=1786944863,https://siemprelistos.com/?dlm_download_category=actas-de-junta-directiva-nacional-periodo-2022-2023,5240
2022-23-ACT28 JDN-EX (16-11-2022),Actas De Junta Directiva Nacional Periodo 2022 2023,,https://siemprelistos.com/download/5249/?tmstv=1786944863,https://siemprelistos.com/?dlm_download_category=actas-de-junta-directiva-nacional-periodo-2022-2023,5249
2022-23-ACT27 JDN-OR (02-11-2022),Actas De Junta Directiva Nacional Periodo 2022 2023,,https://siemprelistos.com/download/5251/?tmstv=1786944863,https://siemprelistos.com/?dlm_download_category=actas-de-junta-directiva-nacional-periodo-2022-2023,5251
2022-23-ACT26 JDN-OR (19-10-2022),Actas De Junta Directiva Nacional Periodo 2022 2023,,https://siemprelistos.com/download/5253/?tmstv=1786944863,https://siemprelistos.com/?dlm_download_category=actas-de-junta-directiva-nacional-periodo-2022-2023,5253
2022-23-ACT25 JDN-OR (05-10-2022),Actas De Junta Directiva Nacional Periodo 2022 2023,,https://siemprelistos.com/download/5255/?tmstv=1786944863,https://siemprelistos.com/?dlm_download_category=actas-de-junta-directiva-nacional-periodo-2022-2023,5255
2022-23-ACT24 JDN-EX (28-09-2022),Actas De Junta Directiva Nacional Periodo 2022 2023,,https://siemprelistos.com/download/5264/?tmstv=1786944863,https://siemprelistos.com/?dlm_download_category=actas-de-junta-directiva-nacional-periodo-2022-2023,5264
2022-23-ACT23 JDN-EX (25-09-2022),Actas De Junta Directiva Nacional Periodo 2022 2023,,https://siemprelistos.com/download/5266/?tmstv=1786944863,https://siemprelistos.com/?dlm_download_category=actas-de-junta-directiva-nacional-periodo-2022-2023,5266
2022-23-ACT22 JDN-EX (21-09-2022),Actas De Junta Directiva Nacional Periodo 2022 2023,,https://siemprelistos.com/download/5268/?tmstv=1786944863,https://siemprelistos.com/?dlm_download_category=actas-de-junta-directiva-nacional-periodo-2022-2023,5268
2022-23-ACT21 JDN-EX (14-09-2022),Actas De Junta Directiva Nacional Periodo 2022 2023,,https://siemprelistos.com/download/5270/?tmstv=1786944863,https://siemprelistos.com/?dlm_download_category=actas-de-junta-directiva-nacional-periodo-2022-2023,5270
2022-23-ACT20 JDN-OR (07-09-2022),Actas De Junta Directiva Nacional Periodo 2022 2023,,https://siemprelistos.com/download/5272/?tmstv=1786944863,https://siemprelistos.com/?dlm_download_category=actas-de-junta-directiva-nacional-periodo-2022-2023,5272
2022-23-ACT19 JDN-EX (31-08-2022),Actas De Junta Directiva Nacional Periodo 2022 2023,,https://siemprelistos.com/download/5276/?tmstv=1786944863,https://siemprelistos.com/?dlm_download_category=actas-de-junta-directiva-nacional-periodo-2022-2023,5276
2022-23-ACT18 JDN-EX (24-08-2022),Actas De Junta Directiva Nacional Periodo 2022 2023,,https://siemprelistos.com/download/5278/?tmstv=1786944863,https://siemprelistos.com/?dlm_download_category=actas-de-junta-directiva-nacional-periodo-2022-2023,5278
2022-23-ACT17 JDN-EX (17-08-2022),Actas De Junta Directiva Nacional Periodo 2022 2023,,https://siemprelistos.com/download/5280/?tmstv=1786944863,https://siemprelistos.com/?dlm_download_category=actas-de-junta-directiva-nacional-periodo-2022-2023,5280
2022-23-ACT16 JDN-EX (10-08-2022),Actas De Junta Directiva Nacional Periodo 2022 2023,,https://siemprelistos.com/download/5282/?tmstv=1786944863,https://siemprelistos.com/?dlm_download_category=actas-de-junta-directiva-nacional-periodo-2022-2023,5282
2022-23-ACT15 JDN-OR (04-08-2022),Actas De Junta Directiva Nacional Periodo 2022 2023,,https://siemprelistos.com/download/5284/?tmstv=1786944863,https://siemprelistos.com/?dlm_download_category=actas-de-junta-directiva-nacional-periodo-2022-2023,5284
2022-23-ACT14 JDN-EX (28-07-2022),Actas De Junta Directiva Nacional Periodo 2022 2023,,https://siemprelistos.com/download/5286/?tmstv=1786944863,https://siemprelistos.com/?dlm_download_category=actas-de-junta-directiva-nacional-periodo-2022-2023,5286
2022-23-ACT13 JDN-EX (20-07-2022),Actas De Junta Directiva Nacional Periodo 2022 2023,,https://siemprelistos.com/download/5288/?tmstv=1786944863,https://siemprelistos.com/?dlm_download_category=actas-de-junta-directiva-nacional-periodo-2022-2023,5288
2022-23-ACT12 JDN-EX (14-07-2022),Actas De Junta Directiva Nacional Periodo 2022 2023,,https://siemprelistos.com/download/5290/?tmstv=1786944863,https://siemprelistos.com/?dlm_download_category=actas-de-junta-directiva-nacional-periodo-2022-2023,5290
2022-23-ACT11 JDN-OR (07-07-2022),Actas De Junta Directiva Nacional Periodo 2022 2023,,https://siemprelistos.com/download/5292/?tmstv=1786944863,https://siemprelistos.com/?dlm_download_category=actas-de-junta-directiva-nacional-periodo-2022-2023,5292
2022-23-ACT10 JDN-EX (29-06-2022),Actas De Junta Directiva Nacional Periodo 2022 2023,,https://siemprelistos.com/download/5294/?tmstv=1786944863,https://siemprelistos.com/?dlm_download_category=actas-de-junta-directiva-nacional-periodo-2022-2023,5294
2022-23-ACT09 JDN-EX (15-06-2022),Actas De Junta Directiva Nacional Periodo 2022 2023,,https://siemprelistos.com/download/5296/?tmstv=1786944863,https://siemprelistos.com/?dlm_download_category=actas-de-junta-directiva-nacional-periodo-2022-2023,5296
2022-23-ACT08 JDN-EX (01-06-2022),Actas De Junta Directiva Nacional Periodo 2022 2023,,https://siemprelistos.com/download/5298/?tmstv=1786944863,https://siemprelistos.com/?dlm_download_category=actas-de-junta-directiva-nacional-periodo-2022-2023,5298
2022-23-ACT07 JDN-EX (25-05-2022) (1),Actas De Junta Directiva Nacional Periodo 2022 2023,,https://siemprelistos.com/download/5300/?tmstv=1786944863,https://siemprelistos.com/?dlm_download_category=actas-de-junta-directiva-nacional-periodo-2022-2023,5300
2022-23-ACT06 JDN-EX (24-05-2022),Actas De Junta Directiva Nacional Periodo 2022 2023,,https://siemprelistos.com/download/5302/?tmstv=1786944863,https://siemprelistos.com/?dlm_download_category=actas-de-junta-directiva-nacional-periodo-2022-2023,5302
2022-23-ACT05 JDN-EX (11-05-2022),Actas De Junta Directiva Nacional Periodo 2022 2023,,https://siemprelistos.com/download/5304/?tmstv=1786944863,https://siemprelistos.com/?dlm_download_category=actas-de-junta-directiva-nacional-periodo-2022-2023,5304
2022-23-ACT04 JDN-EX (04-05-2022),Actas De Junta Directiva Nacional Periodo 2022 2023,,https://siemprelistos.com/download/5306/?tmstv=1786944863,https://siemprelistos.com/?dlm_download_category=actas-de-junta-directiva-nacional-periodo-2022-2023,5306
2022-23-ACT03 JDN-EX (01-05-2022),Actas De Junta Directiva Nacional Periodo 2022 2023,,https://siemprelistos.com/download/5308/?tmstv=1786944863,https://siemprelistos.com/?dlm_download_category=actas-de-junta-directiva-nacional-periodo-2022-2023,5308
2022-23-ACT02 JDN-EX (18-04-2022),Actas De Junta Directiva Nacional Periodo 2022 2023,,https://siemprelistos.com/download/5310/?tmstv=1786944863,https://siemprelistos.com/?dlm_download_category=actas-de-junta-directiva-nacional-periodo-2022-2023,5310
2022-23-ACT01 JDN-EX (01-04-2022),Actas De Junta Directiva Nacional Periodo 2022 2023,,https://siemprelistos.com/download/5312/?tmstv=1786944863,https://siemprelistos.com/?dlm_download_category=actas-de-junta-directiva-nacional-periodo-2022-2023,5312
2025-26-ACT46 JDN-EX (30-03-2026),Actas De Junta Directiva Nacional Periodo 2025 2026,,https://siemprelistos.com/download/12274/?tmstv=1786944865,https://siemprelistos.com/?dlm_download_category=actas-de-junta-directiva-nacional-periodo-2025-2026,12274
2025-26-ACT45 JDN-EX (26-03-2026),Actas De Junta Directiva Nacional Periodo 2025 2026,,https://siemprelistos.com/download/12271/?tmstv=1786944865,https://siemprelistos.com/?dlm_download_category=actas-de-junta-directiva-nacional-periodo-2025-2026,12271
2025-26-ACT44 JDN-EX (18-03-2026),Actas De Junta Directiva Nacional Periodo 2025 2026,,https://siemprelistos.com/download/12268/?tmstv=1786944865,https://siemprelistos.com/?dlm_download_category=actas-de-junta-directiva-nacional-periodo-2025-2026,12268
2025-26-ACT43 JDN-EX (16-03-2026),Actas De Junta Directiva Nacional Periodo 2025 2026,,https://siemprelistos.com/download/12265/?tmstv=1786944865,https://siemprelistos.com/?dlm_download_category=actas-de-junta-directiva-nacional-periodo-2025-2026,12265
2025-26-ACT42 JDN-EX (14-03-2026),Actas De Junta Directiva Nacional Periodo 2025 2026,,https://siemprelistos.com/download/12262/?tmstv=1786944865,https://siemprelistos.com/?dlm_download_category=actas-de-junta-directiva-nacional-periodo-2025-2026,12262
2025-26-ACT41 JDN-EX (11-03-2026),Actas De Junta Directiva Nacional Periodo 2025 2026,,https://siemprelistos.com/download/12259/?tmstv=1786944865,https://siemprelistos.com/?dlm_download_category=actas-de-junta-directiva-nacional-periodo-2025-2026,12259
2025-26-ACT40 JDN-EX (09-03-2026),Actas De Junta Directiva Nacional Periodo 2025 2026,,https://siemprelistos.com/download/12256/?tmstv=1786944865,https://siemprelistos.com/?dlm_download_category=actas-de-junta-directiva-nacional-periodo-2025-2026,12256
2025-26-ACT39 JDN-EX (07-03-2026),Actas De Junta Directiva Nacional Periodo 2025 2026,,https://siemprelistos.com/download/12253/?tmstv=1786944865,https://siemprelistos.com/?dlm_download_category=actas-de-junta-directiva-nacional-periodo-2025-2026,12253
2025-26-ACT38 JDN-OR (06-03-2026),Actas De Junta Directiva Nacional Periodo 2025 2026,,https://siemprelistos.com/download/12250/?tmstv=1786944865,https://siemprelistos.com/?dlm_download_category=actas-de-junta-directiva-nacional-periodo-2025-2026,12250
2025-26-ACT37 JDN-EX (18-02-2026),Actas De Junta Directiva Nacional Periodo 2025 2026,,https://siemprelistos.com/download/12247/?tmstv=1786944865,https://siemprelistos.com/?dlm_download_category=actas-de-junta-directiva-nacional-periodo-2025-2026,12247
2025-26-ACT36 JDN-OR (06-02-2026),Actas De Junta Directiva Nacional Periodo 2025 2026,,https://siemprelistos.com/download/11541/?tmstv=1786944865,https://siemprelistos.com/?dlm_download_category=actas-de-junta-directiva-nacional-periodo-2025-2026,11541
2025-26-ACT35 JDN-EX (23-01-2026),Actas De Junta Directiva Nacional Periodo 2025 2026,,https://siemprelistos.com/download/11538/?tmstv=1786944865,https://siemprelistos.com/?dlm_download_category=actas-de-junta-directiva-nacional-periodo-2025-2026,11538
2025-26-ACT34 JDN-EX (21-01-2026),Actas De Junta Directiva Nacional Periodo 2025 2026,,https://siemprelistos.com/download/11535/?tmstv=1786944865,https://siemprelistos.com/?dlm_download_category=actas-de-junta-directiva-nacional-periodo-2025-2026,11535
2025-26-ACT33 JDN-OR (09-01-2026),Actas De Junta Directiva Nacional Periodo 2025 2026,,https://siemprelistos.com/download/11265/?tmstv=1786944865,https://siemprelistos.com/?dlm_download_category=actas-de-junta-directiva-nacional-periodo-2025-2026,11265
2025-26-ACT32 JDN-EX (08-01-2026),Actas De Junta Directiva Nacional Periodo 2025 2026,,https://siemprelistos.com/download/11262/?tmstv=1786944865,https://siemprelistos.com/?dlm_download_category=actas-de-junta-directiva-nacional-periodo-2025-2026,11262
2025-26-ACT31 JDN-EX (08-01-2026),Actas De Junta Directiva Nacional Periodo 2025 2026,,https://siemprelistos.com/download/11259/?tmstv=1786944865,https://siemprelistos.com/?dlm_download_category=actas-de-junta-directiva-nacional-periodo-2025-2026,11259
2025-26-ACT30 JDN-EX (19-12-2025),Actas De Junta Directiva Nacional Periodo 2025 2026,,https://siemprelistos.com/download/11256/?tmstv=1786944865,https://siemprelistos.com/?dlm_download_category=actas-de-junta-directiva-nacional-periodo-2025-2026,11256
2025-26-ACT29 JDN-OR (03-12-2025),Actas De Junta Directiva Nacional Periodo 2025 2026,,https://siemprelistos.com/download/11253/?tmstv=1786944865,https://siemprelistos.com/?dlm_download_category=actas-de-junta-directiva-nacional-periodo-2025-2026,11253
2025-26-ACT28 JDN-EX (26-11-2025),Actas De Junta Directiva Nacional Periodo 2025 2026,,https://siemprelistos.com/download/11250/?tmstv=1786944865,https://siemprelistos.com/?dlm_download_category=actas-de-junta-directiva-nacional-periodo-2025-2026,11250
2025-26-ACT27 JDN-OR (14-11-2025),Actas De Junta Directiva Nacional Periodo 2025 2026,,https://siemprelistos.com/download/11247/?tmstv=1786944865,https://siemprelistos.com/?dlm_download_category=actas-de-junta-directiva-nacional-periodo-2025-2026,11247
2025-26-ACT26 JDN-EX (05-11-2025),Actas De Junta Directiva Nacional Periodo 2025 2026,,https://siemprelistos.com/download/10979/?tmstv=1786944865,https://siemprelistos.com/?dlm_download_category=actas-de-junta-directiva-nacional-periodo-2025-2026,10979
2025-26-ACT25 JDN-EX (15-10-2025),Actas De Junta Directiva Nacional Periodo 2025 2026,,https://siemprelistos.com/download/10976/?tmstv=1786944865,https://siemprelistos.com/?dlm_download_category=actas-de-junta-directiva-nacional-periodo-2025-2026,10976
2025-26-ACT24 JDN-OR (03-10-2025),Actas De Junta Directiva Nacional Periodo 2025 2026,,https://siemprelistos.com/download/10973/?tmstv=1786944865,https://siemprelistos.com/?dlm_download_category=actas-de-junta-directiva-nacional-periodo-2025-2026,10973
2025-26-ACT23 JDN-EX (30-09-2025),Actas De Junta Directiva Nacional Periodo 2025 2026,,https://siemprelistos.com/download/10970/?tmstv=1786944865,https://siemprelistos.com/?dlm_download_category=actas-de-junta-directiva-nacional-periodo-2025-2026,10970
2025-26-ACT22 JDN-EX (17-09-2025),Actas De Junta Directiva Nacional Periodo 2025 2026,,https://siemprelistos.com/download/10967/?tmstv=1786944865,https://siemprelistos.com/?dlm_download_category=actas-de-junta-directiva-nacional-periodo-2025-2026,10967
2025-26-ACT21 JDN-EX (06-09-2025),Actas De Junta Directiva Nacional Periodo 2025 2026,,https://siemprelistos.com/download/10964/?tmstv=1786944865,https://siemprelistos.com/?dlm_download_category=actas-de-junta-directiva-nacional-periodo-2025-2026,10964
2025-26-ACT20 JDN-OR (05-09-2025),Actas De Junta Directiva Nacional Periodo 2025 2026,,https://siemprelistos.com/download/10961/?tmstv=1786944865,https://siemprelistos.com/?dlm_download_category=actas-de-junta-directiva-nacional-periodo-2025-2026,10961
2025-26-ACT19 JDN-EX (20-08-2025),Actas De Junta Directiva Nacional Periodo 2025 2026,,https://siemprelistos.com/download/10866/?tmstv=1786944865,https://siemprelistos.com/?dlm_download_category=actas-de-junta-directiva-nacional-periodo-2025-2026,10866
2025-26-ACT18 JDN-EX (20-08-2025),Actas De Junta Directiva Nacional Periodo 2025 2026,,https://siemprelistos.com/download/10863/?tmstv=1786944865,https://siemprelistos.com/?dlm_download_category=actas-de-junta-directiva-nacional-periodo-2025-2026,10863
2025-26-ACT17 JDN-EX (13-08-2025),Actas De Junta Directiva Nacional Periodo 2025 2026,,https://siemprelistos.com/download/10860/?tmstv=1786944865,https://siemprelistos.com/?dlm_download_category=actas-de-junta-directiva-nacional-periodo-2025-2026,10860
2025-26-ACT16 JDN-EX (30-07-2025),Actas De Junta Directiva Nacional Periodo 2025 2026,,https://siemprelistos.com/download/10857/?tmstv=1786944865,https://siemprelistos.com/?dlm_download_category=actas-de-junta-directiva-nacional-periodo-2025-2026,10857
2025-26-ACT15 JDN-EX (16-07-2025),Actas De Junta Directiva Nacional Periodo 2025 2026,,https://siemprelistos.com/download/10852/?tmstv=1786944865,https://siemprelistos.com/?dlm_download_category=actas-de-junta-directiva-nacional-periodo-2025-2026,10852
2025-26-ACT14 JDN-EX (05-07-2025),Actas De Junta Directiva Nacional Periodo 2025 2026,,https://siemprelistos.com/download/10842/?tmstv=1786944865,https://siemprelistos.com/?dlm_download_category=actas-de-junta-directiva-nacional-periodo-2025-2026,10842
2025-26-ACT13 JDN-OR (04-07-2025),Actas De Junta Directiva Nacional Periodo 2025 2026,,https://siemprelistos.com/download/10839/?tmstv=1786944865,https://siemprelistos.com/?dlm_download_category=actas-de-junta-directiva-nacional-periodo-2025-2026,10839
2025-26-ACT12 JDN-EX (18-06-2025),Actas De Junta Directiva Nacional Periodo 2025 2026,,https://siemprelistos.com/download/10608/?tmstv=1786944865,https://siemprelistos.com/?dlm_download_category=actas-de-junta-directiva-nacional-periodo-2025-2026,10608
2025-26-ACT11 JDN-EX (07-06-2025),Actas De Junta Directiva Nacional Periodo 2025 2026,,https://siemprelistos.com/download/10527/?tmstv=1786944865,https://siemprelistos.com/?dlm_download_category=actas-de-junta-directiva-nacional-periodo-2025-2026,10527
2025-26-ACT10 JDN-OR (06-06-2025),Actas De Junta Directiva Nacional Periodo 2025 2026,,https://siemprelistos.com/download/10524/?tmstv=1786944865,https://siemprelistos.com/?dlm_download_category=actas-de-junta-directiva-nacional-periodo-2025-2026,10524
2025-26-ACT09 JDN-EX (28-05-2025),Actas De Junta Directiva Nacional Periodo 2025 2026,,https://siemprelistos.com/download/10521/?tmstv=1786944865,https://siemprelistos.com/?dlm_download_category=actas-de-junta-directiva-nacional-periodo-2025-2026,10521
2025-26-ACT08 JDN-EX (20-05-2025),Actas De Junta Directiva Nacional Periodo 2025 2026,,https://siemprelistos.com/download/10520/?tmstv=1786944865,https://siemprelistos.com/?dlm_download_category=actas-de-junta-directiva-nacional-periodo-2025-2026,10520
2025-26-ACT07 JDN-EX (14-05-2025),Actas De Junta Directiva Nacional Periodo 2025 2026,,https://siemprelistos.com/download/10519/?tmstv=1786944865,https://siemprelistos.com/?dlm_download_category=actas-de-junta-directiva-nacional-periodo-2025-2026,10519
2025-26-ACT06 JDN-EX (12-05-2025),Actas De Junta Directiva Nacional Periodo 2025 2026,,https://siemprelistos.com/download/10516/?tmstv=1786944865,https://siemprelistos.com/?dlm_download_category=actas-de-junta-directiva-nacional-periodo-2025-2026,10516
2025-26-ACT05 JDN-EX (11-05-2025),Actas De Junta Directiva Nacional Periodo 2025 2026,,https://siemprelistos.com/download/10513/?tmstv=1786944865,https://siemprelistos.com/?dlm_download_category=actas-de-junta-directiva-nacional-periodo-2025-2026,10513
2025-26-ACT04 JDN-OR (02-05-2025),Actas De Junta Directiva Nacional Periodo 2025 2026,,https://siemprelistos.com/download/10510/?tmstv=1786944865,https://siemprelistos.com/?dlm_download_category=actas-de-junta-directiva-nacional-periodo-2025-2026,10510
2025-26-ACT03 JDN-EX (30-04-2025),Actas De Junta Directiva Nacional Periodo 2025 2026,,https://siemprelistos.com/download/10507/?tmstv=1786944865,https://siemprelistos.com/?dlm_download_category=actas-de-junta-directiva-nacional-periodo-2025-2026,10507
2025-26-ACT02 JDN-EX (10-04-2025),Actas De Junta Directiva Nacional Periodo 2025 2026,,https://siemprelistos.com/download/10504/?tmstv=1786944865,https://siemprelistos.com/?dlm_download_category=actas-de-junta-directiva-nacional-periodo-2025-2026,10504
2025-26-ACT01 JDN-OR (01-04-2025),Actas De Junta Directiva Nacional Periodo 2025 2026,,https://siemprelistos.com/download/9975/?tmstv=1786944865,https://siemprelistos.com/?dlm_download_category=actas-de-junta-directiva-nacional-periodo-2025-2026,9975
2023-24-ACT36-JDN-EX-11-03-2024,Actas De Junta Directiva Nacional Periodo 2023 2024,,https://siemprelistos.com/download/8448/?tmstv=1786944867,https://siemprelistos.com/?dlm_download_category=actas-de-junta-directiva-nacional-periodo-2023-2024,8448
2023-24-ACT35-JDN-OR-06-03-2024,Actas De Junta Directiva Nacional Periodo 2023 2024,,https://siemprelistos.com/download/8445/?tmstv=1786944867,https://siemprelistos.com/?dlm_download_category=actas-de-junta-directiva-nacional-periodo-2023-2024,8445
2023-24-ACT34-JDN-EX-04-03-2024,Actas De Junta Directiva Nacional Periodo 2023 2024,,https://siemprelistos.com/download/8442/?tmstv=1786944867,https://siemprelistos.com/?dlm_download_category=actas-de-junta-directiva-nacional-periodo-2023-2024,8442
2023-24-ACT33-JDN-EX-21-02-2024,Actas De Junta Directiva Nacional Periodo 2023 2024,,https://siemprelistos.com/download/8439/?tmstv=1786944867,https://siemprelistos.com/?dlm_download_category=actas-de-junta-directiva-nacional-periodo-2023-2024,8439
2023-24-ACT32-JDN-OR-07-02-2024,Actas De Junta Directiva Nacional Periodo 2023 2024,,https://siemprelistos.com/download/8436/?tmstv=1786944867,https://siemprelistos.com/?dlm_download_category=actas-de-junta-directiva-nacional-periodo-2023-2024,8436
2023-24-ACT30-JDN-EX-24-01-2024,Actas De Junta Directiva Nacional Periodo 2023 2024,,https://siemprelistos.com/download/8432/?tmstv=1786944867,https://siemprelistos.com/?dlm_download_category=actas-de-junta-directiva-nacional-periodo-2023-2024,8432
2023-24-ACT29-JDN-EX-10-01-2024,Actas De Junta Directiva Nacional Periodo 2023 2024,,https://siemprelistos.com/download/8429/?tmstv=1786944867,https://siemprelistos.com/?dlm_download_category=actas-de-junta-directiva-nacional-periodo-2023-2024,8429
2023-24-ACT28-JDN-EX-15-12-2023,Actas De Junta Directiva Nacional Periodo 2023 2024,,https://siemprelistos.com/download/8426/?tmstv=1786944867,https://siemprelistos.com/?dlm_download_category=actas-de-junta-directiva-nacional-periodo-2023-2024,8426
2023-24-ACT27-JDN-EX-06-12-2023,Actas De Junta Directiva Nacional Periodo 2023 2024,,https://siemprelistos.com/download/8423/?tmstv=1786944867,https://siemprelistos.com/?dlm_download_category=actas-de-junta-directiva-nacional-periodo-2023-2024,8423
2023-24-ACT26-JDN-EX-29-11-2023,Actas De Junta Directiva Nacional Periodo 2023 2024,,https://siemprelistos.com/download/8420/?tmstv=1786944867,https://siemprelistos.com/?dlm_download_category=actas-de-junta-directiva-nacional-periodo-2023-2024,8420
2023-24-ACT25-JDN-EX-18-11-2023,Actas De Junta Directiva Nacional Periodo 2023 2024,,https://siemprelistos.com/download/8417/?tmstv=1786944867,https://siemprelistos.com/?dlm_download_category=actas-de-junta-directiva-nacional-periodo-2023-2024,8417
2023-24-ACT24-JDN-EX-15-11-2023,Actas De Junta Directiva Nacional Periodo 2023 2024,,https://siemprelistos.com/download/8414/?tmstv=1786944867,https://siemprelistos.com/?dlm_download_category=actas-de-junta-directiva-nacional-periodo-2023-2024,8414
2023-24-ACT23-JDN-OR-08-11-2023,Actas De Junta Directiva Nacional Periodo 2023 2024,,https://siemprelistos.com/download/8411/?tmstv=1786944867,https://siemprelistos.com/?dlm_download_category=actas-de-junta-directiva-nacional-periodo-2023-2024,8411
2023-24-ACT22-JDN-OR-01-11-2023,Actas De Junta Directiva Nacional Periodo 2023 2024,,https://siemprelistos.com/download/8408/?tmstv=1786944867,https://siemprelistos.com/?dlm_download_category=actas-de-junta-directiva-nacional-periodo-2023-2024,8408
2023-24-ACT21-JDN-EX-25-10-2023-,Actas De Junta Directiva Nacional Periodo 2023 2024,,https://siemprelistos.com/download/8405/?tmstv=1786944867,https://siemprelistos.com/?dlm_download_category=actas-de-junta-directiva-nacional-periodo-2023-2024,8405
2023-24-ACT20-JDN-EX-21-10-2023,Actas De Junta Directiva Nacional Periodo 2023 2024,,https://siemprelistos.com/download/8402/?tmstv=1786944867,https://siemprelistos.com/?dlm_download_category=actas-de-junta-directiva-nacional-periodo-2023-2024,8402
2023-24-ACT19-JDN-OR-10-10-2023,Actas De Junta Directiva Nacional Periodo 2023 2024,,https://siemprelistos.com/download/8399/?tmstv=1786944867,https://siemprelistos.com/?dlm_download_category=actas-de-junta-directiva-nacional-periodo-2023-2024,8399
2023-24-ACT18-JDN-EX-27-09-2023,Actas De Junta Directiva Nacional Periodo 2023 2024,,https://siemprelistos.com/download/8396/?tmstv=1786944867,https://siemprelistos.com/?dlm_download_category=actas-de-junta-directiva-nacional-periodo-2023-2024,8396
2023-24-ACT17-JDN-EX-20-09-2023,Actas De Junta Directiva Nacional Periodo 2023 2024,,https://siemprelistos.com/download/8393/?tmstv=1786944867,https://siemprelistos.com/?dlm_download_category=actas-de-junta-directiva-nacional-periodo-2023-2024,8393
2023-24-ACT16-JDN-OR-06-09-2023,Actas De Junta Directiva Nacional Periodo 2023 2024,,https://siemprelistos.com/download/8390/?tmstv=1786944867,https://siemprelistos.com/?dlm_download_category=actas-de-junta-directiva-nacional-periodo-2023-2024,8390
2023-24-ACT15-JDN-EX-30-08-2023-1,Actas De Junta Directiva Nacional Periodo 2023 2024,,https://siemprelistos.com/download/8387/?tmstv=1786944867,https://siemprelistos.com/?dlm_download_category=actas-de-junta-directiva-nacional-periodo-2023-2024,8387
2023-24-ACT14-JDN-EX-23-08-2023,Actas De Junta Directiva Nacional Periodo 2023 2024,,https://siemprelistos.com/download/8384/?tmstv=1786944867,https://siemprelistos.com/?dlm_download_category=actas-de-junta-directiva-nacional-periodo-2023-2024,8384
2023-24-ACT13-JDN-OR-09-08-2023,Actas De Junta Directiva Nacional Periodo 2023 2024,,https://siemprelistos.com/download/8381/?tmstv=1786944867,https://siemprelistos.com/?dlm_download_category=actas-de-junta-directiva-nacional-periodo-2023-2024,8381
2023-24-ACT12 JDN-EX (19-07-2023),Actas De Junta Directiva Nacional Periodo 2023 2024,,https://siemprelistos.com/download/5137/?tmstv=1786944867,https://siemprelistos.com/?dlm_download_category=actas-de-junta-directiva-nacional-periodo-2023-2024,5137
2023-24-ACT11 JDN-EX (15-07-2023),Actas De Junta Directiva Nacional Periodo 2023 2024,,https://siemprelistos.com/download/5139/?tmstv=1786944867,https://siemprelistos.com/?dlm_download_category=actas-de-junta-directiva-nacional-periodo-2023-2024,5139
2023-24-ACT10 JDN-OR (05-07-2023),Actas De Junta Directiva Nacional Periodo 2023 2024,,https://siemprelistos.com/download/5141/?tmstv=1786944867,https://siemprelistos.com/?dlm_download_category=actas-de-junta-directiva-nacional-periodo-2023-2024,5141
2023-24-ACT09 JDN-EX (21-06-2023),Actas De Junta Directiva Nacional Periodo 2023 2024,,https://siemprelistos.com/download/5143/?tmstv=1786944867,https://siemprelistos.com/?dlm_download_category=actas-de-junta-directiva-nacional-periodo-2023-2024,5143
2023-24-ACT08 JDN-EX (14-06-2023),Actas De Junta Directiva Nacional Periodo 2023 2024,,https://siemprelistos.com/download/5145/?tmstv=1786944867,https://siemprelistos.com/?dlm_download_category=actas-de-junta-directiva-nacional-periodo-2023-2024,5145
2023-24-ACT07 JDN-OR (07-06-2023),Actas De Junta Directiva Nacional Periodo 2023 2024,,https://siemprelistos.com/download/5147/?tmstv=1786944867,https://siemprelistos.com/?dlm_download_category=actas-de-junta-directiva-nacional-periodo-2023-2024,5147
2023-24-ACT06 JDN-EX (31-05-2023),Actas De Junta Directiva Nacional Periodo 2023 2024,,https://siemprelistos.com/download/5149/?tmstv=1786944867,https://siemprelistos.com/?dlm_download_category=actas-de-junta-directiva-nacional-periodo-2023-2024,5149
2023-24-ACT05 JDN-EX (17-05-2023),Actas De Junta Directiva Nacional Periodo 2023 2024,,https://siemprelistos.com/download/5151/?tmstv=1786944867,https://siemprelistos.com/?dlm_download_category=actas-de-junta-directiva-nacional-periodo-2023-2024,5151
2023-24-ACT04 JDN-OR (07-05-2023),Actas De Junta Directiva Nacional Periodo 2023 2024,,https://siemprelistos.com/download/5153/?tmstv=1786944867,https://siemprelistos.com/?dlm_download_category=actas-de-junta-directiva-nacional-periodo-2023-2024,5153
2023-24-ACT03 JDN-EX (26-04-2023),Actas De Junta Directiva Nacional Periodo 2023 2024,,https://siemprelistos.com/download/5157/?tmstv=1786944867,https://siemprelistos.com/?dlm_download_category=actas-de-junta-directiva-nacional-periodo-2023-2024,5157
2023-24-ACT02 JDN-EX (19-04-2023),Actas De Junta Directiva Nacional Periodo 2023 2024,,https://siemprelistos.com/download/5159/?tmstv=1786944867,https://siemprelistos.com/?dlm_download_category=actas-de-junta-directiva-nacional-periodo-2023-2024,5159
2023-24-ACT01 JDN-OR (12-04-2023),Actas De Junta Directiva Nacional Periodo 2023 2024,,https://siemprelistos.com/download/5161/?tmstv=1786944867,https://siemprelistos.com/?dlm_download_category=actas-de-junta-directiva-nacional-periodo-2023-2024,5161
2021-22-ACT49 JDN-EX (29-03-2022),Actas De Junta Directiva Nacional Periodo 2021 2022,,https://siemprelistos.com/download/5228/?tmstv=1786944869,https://siemprelistos.com/?dlm_download_category=actas-de-junta-directiva-nacional-periodo-2021-2022,5228
2021-22-ACT48 JDN-EX (25-03-2022),Actas De Junta Directiva Nacional Periodo 2021 2022,,https://siemprelistos.com/download/5314/?tmstv=1786944869,https://siemprelistos.com/?dlm_download_category=actas-de-junta-directiva-nacional-periodo-2021-2022,5314
2021-22-ACT47 JDN-EX (19-03-2022),Actas De Junta Directiva Nacional Periodo 2021 2022,,https://siemprelistos.com/download/5316/?tmstv=1786944869,https://siemprelistos.com/?dlm_download_category=actas-de-junta-directiva-nacional-periodo-2021-2022,5316
2021-22-ACT46 JDN-EX (16-03-2022),Actas De Junta Directiva Nacional Periodo 2021 2022,,https://siemprelistos.com/download/5318/?tmstv=1786944869,https://siemprelistos.com/?dlm_download_category=actas-de-junta-directiva-nacional-periodo-2021-2022,5318
2021-22-ACT45 JDN-EX (08-03-2022),Actas De Junta Directiva Nacional Periodo 2021 2022,,https://siemprelistos.com/download/5320/?tmstv=1786944869,https://siemprelistos.com/?dlm_download_category=actas-de-junta-directiva-nacional-periodo-2021-2022,5320
2021-22-ACT44 JDN-OR (01-03-2022),Actas De Junta Directiva Nacional Periodo 2021 2022,,https://siemprelistos.com/download/5322/?tmstv=1786944869,https://siemprelistos.com/?dlm_download_category=actas-de-junta-directiva-nacional-periodo-2021-2022,5322
2021-22-ACT43 JDN-EX (25-02-2022),Actas De Junta Directiva Nacional Periodo 2021 2022,,https://siemprelistos.com/download/5344/?tmstv=1786944869,https://siemprelistos.com/?dlm_download_category=actas-de-junta-directiva-nacional-periodo-2021-2022,5344
2021-22-ACT42 JDN-EX (22-02-2022),Actas De Junta Directiva Nacional Periodo 2021 2022,,https://siemprelistos.com/download/5346/?tmstv=1786944869,https://siemprelistos.com/?dlm_download_category=actas-de-junta-directiva-nacional-periodo-2021-2022,5346
2021-22-ACT41 JDN-EX (08-02-2022),Actas De Junta Directiva Nacional Periodo 2021 2022,,https://siemprelistos.com/download/5348/?tmstv=1786944869,https://siemprelistos.com/?dlm_download_category=actas-de-junta-directiva-nacional-periodo-2021-2022,5348
2021-22-ACT40 JDN-EX (10-02-2022),Actas De Junta Directiva Nacional Periodo 2021 2022,,https://siemprelistos.com/download/5350/?tmstv=1786944869,https://siemprelistos.com/?dlm_download_category=actas-de-junta-directiva-nacional-periodo-2021-2022,5350
2021-22-ACT39 JDN-EX (02-02-2022),Actas De Junta Directiva Nacional Periodo 2021 2022,,https://siemprelistos.com/download/5352/?tmstv=1786944869,https://siemprelistos.com/?dlm_download_category=actas-de-junta-directiva-nacional-periodo-2021-2022,5352
2021-22-ACT01 JDN-OR (06-04-2021),Actas De Junta Directiva Nacional Periodo 2021 2022,,https://siemprelistos.com/download/5360/?tmstv=1786944869,https://siemprelistos.com/?dlm_download_category=actas-de-junta-directiva-nacional-periodo-2021-2022,5360
2021-22-ACT02 JDN-EX (13-04-2021),Actas De Junta Directiva Nacional Periodo 2021 2022,,https://siemprelistos.com/download/5362/?tmstv=1786944869,https://siemprelistos.com/?dlm_download_category=actas-de-junta-directiva-nacional-periodo-2021-2022,5362
2021-22-ACT03 JDN-EX (27-04-2021),Actas De Junta Directiva Nacional Periodo 2021 2022,,https://siemprelistos.com/download/5364/?tmstv=1786944869,https://siemprelistos.com/?dlm_download_category=actas-de-junta-directiva-nacional-periodo-2021-2022,5364
2021-22-ACT04 JDN-OR (04-05-2021),Actas De Junta Directiva Nacional Periodo 2021 2022,,https://siemprelistos.com/download/5366/?tmstv=1786944869,https://siemprelistos.com/?dlm_download_category=actas-de-junta-directiva-nacional-periodo-2021-2022,5366
2021-22-ACT05 JDN-EX (15-05-2021),Actas De Junta Directiva Nacional Periodo 2021 2022,,https://siemprelistos.com/download/5368/?tmstv=1786944869,https://siemprelistos.com/?dlm_download_category=actas-de-junta-directiva-nacional-periodo-2021-2022,5368
2021-22-ACT06 JDN-EX (18-05-2021),Actas De Junta Directiva Nacional Periodo 2021 2022,,https://siemprelistos.com/download/5370/?tmstv=1786944869,https://siemprelistos.com/?dlm_download_category=actas-de-junta-directiva-nacional-periodo-2021-2022,5370
2021-22-ACT07 JDN-EX (01-06-2021),Actas De Junta Directiva Nacional Periodo 2021 2022,,https://siemprelistos.com/download/5372/?tmstv=1786944869,https://siemprelistos.com/?dlm_download_category=actas-de-junta-directiva-nacional-periodo-2021-2022,5372
2021-22-ACT08 JDN-OR (01-06-2021),Actas De Junta Directiva Nacional Periodo 2021 2022,,https://siemprelistos.com/download/5374/?tmstv=1786944869,https://siemprelistos.com/?dlm_download_category=actas-de-junta-directiva-nacional-periodo-2021-2022,5374
2021-22-ACT09 JDN-EX (08-06-2021),Actas De Junta Directiva Nacional Periodo 2021 2022,,https://siemprelistos.com/download/5376/?tmstv=1786944869,https://siemprelistos.com/?dlm_download_category=actas-de-junta-directiva-nacional-periodo-2021-2022,5376
2021-22-ACT10 JDN-EX (22-06-2021),Actas De Junta Directiva Nacional Periodo 2021 2022,,https://siemprelistos.com/download/5378/?tmstv=1786944869,https://siemprelistos.com/?dlm_download_category=actas-de-junta-directiva-nacional-periodo-2021-2022,5378
2021-22-ACT12 JDN-EX (20-07-2021),Actas De Junta Directiva Nacional Periodo 2021 2022,,https://siemprelistos.com/download/5382/?tmstv=1786944869,https://siemprelistos.com/?dlm_download_category=actas-de-junta-directiva-nacional-periodo-2021-2022,5382
2021-22-ACT13 JDN-EX (03-08-2021),Actas De Junta Directiva Nacional Periodo 2021 2022,,https://siemprelistos.com/download/5384/?tmstv=1786944869,https://siemprelistos.com/?dlm_download_category=actas-de-junta-directiva-nacional-periodo-2021-2022,5384
2021-22-ACT14 JDN-OR (10-08-2021),Actas De Junta Directiva Nacional Periodo 2021 2022,,https://siemprelistos.com/download/5386/?tmstv=1786944869,https://siemprelistos.com/?dlm_download_category=actas-de-junta-directiva-nacional-periodo-2021-2022,5386
2021-22-ACT15 JDN-EX (17-08-2021),Actas De Junta Directiva Nacional Periodo 2021 2022,,https://siemprelistos.com/download/5388/?tmstv=1786944869,https://siemprelistos.com/?dlm_download_category=actas-de-junta-directiva-nacional-periodo-2021-2022,5388
2021-22-ACT16 JDN-EX (31-08-2021),Actas De Junta Directiva Nacional Periodo 2021 2022,,https://siemprelistos.com/download/5390/?tmstv=1786944869,https://siemprelistos.com/?dlm_download_category=actas-de-junta-directiva-nacional-periodo-2021-2022,5390
2021-22-ACT17 JDN-OR (07-09-2021),Actas De Junta Directiva Nacional Periodo 2021 2022,,https://siemprelistos.com/download/5392/?tmstv=1786944869,https://siemprelistos.com/?dlm_download_category=actas-de-junta-directiva-nacional-periodo-2021-2022,5392
2021-22-ACT18 JDN-EX (21-09-2021),Actas De Junta Directiva Nacional Periodo 2021 2022,,https://siemprelistos.com/download/5394/?tmstv=1786944869,https://siemprelistos.com/?dlm_download_category=actas-de-junta-directiva-nacional-periodo-2021-2022,5394
2021-22-ACT19 JDN-EX (28-09-2021),Actas De Junta Directiva Nacional Periodo 2021 2022,,https://siemprelistos.com/download/5396/?tmstv=1786944869,https://siemprelistos.com/?dlm_download_category=actas-de-junta-directiva-nacional-periodo-2021-2022,5396
2021-22-ACT20 JDN-OR (05-10-2021),Actas De Junta Directiva Nacional Periodo 2021 2022,,https://siemprelistos.com/download/5398/?tmstv=1786944869,https://siemprelistos.com/?dlm_download_category=actas-de-junta-directiva-nacional-periodo-2021-2022,5398
2021-22-ACT21 JDN-EX (12-10-2021),Actas De Junta Directiva Nacional Periodo 2021 2022,,https://siemprelistos.com/download/5400/?tmstv=1786944869,https://siemprelistos.com/?dlm_download_category=actas-de-junta-directiva-nacional-periodo-2021-2022,5400
2021-22-ACT22 JDN-EX (15-10-2021),Actas De Junta Directiva Nacional Periodo 2021 2022,,https://siemprelistos.com/download/5402/?tmstv=1786944869,https://siemprelistos.com/?dlm_download_category=actas-de-junta-directiva-nacional-periodo-2021-2022,5402
2021-22-ACT23 JDN-EX (19-10-2021),Actas De Junta Directiva Nacional Periodo 2021 2022,,https://siemprelistos.com/download/5404/?tmstv=1786944869,https://siemprelistos.com/?dlm_download_category=actas-de-junta-directiva-nacional-periodo-2021-2022,5404
2021-22-ACT24 JDN-EX (19-10-2021),Actas De Junta Directiva Nacional Periodo 2021 2022,,https://siemprelistos.com/download/5406/?tmstv=1786944869,https://siemprelistos.com/?dlm_download_category=actas-de-junta-directiva-nacional-periodo-2021-2022,5406
2021-22-ACT25 JDN-EX (26-10-2021),Actas De Junta Directiva Nacional Periodo 2021 2022,,https://siemprelistos.com/download/5408/?tmstv=1786944869,https://siemprelistos.com/?dlm_download_category=actas-de-junta-directiva-nacional-periodo-2021-2022,5408
2021-22-ACT26 JDN-EX (28-10-2021),Actas De Junta Directiva Nacional Periodo 2021 2022,,https://siemprelistos.com/download/5410/?tmstv=1786944869,https://siemprelistos.com/?dlm_download_category=actas-de-junta-directiva-nacional-periodo-2021-2022,5410
2021-22-ACT27 JDN-OR (02-11-2021),Actas De Junta Directiva Nacional Periodo 2021 2022,,https://siemprelistos.com/download/5412/?tmstv=1786944869,https://siemprelistos.com/?dlm_download_category=actas-de-junta-directiva-nacional-periodo-2021-2022,5412
2021-22-ACT28 JDN-OR (09-11-2021),Actas De Junta Directiva Nacional Periodo 2021 2022,,https://siemprelistos.com/download/5414/?tmstv=1786944869,https://siemprelistos.com/?dlm_download_category=actas-de-junta-directiva-nacional-periodo-2021-2022,5414
2021-22-ACT29 JDN-EX (16-11-2021),Actas De Junta Directiva Nacional Periodo 2021 2022,,https://siemprelistos.com/download/5416/?tmstv=1786944869,https://siemprelistos.com/?dlm_download_category=actas-de-junta-directiva-nacional-periodo-2021-2022,5416
2021-22-ACT30 JDN-EX (23-11-2021),Actas De Junta Directiva Nacional Periodo 2021 2022,,https://siemprelistos.com/download/5418/?tmstv=1786944869,https://siemprelistos.com/?dlm_download_category=actas-de-junta-directiva-nacional-periodo-2021-2022,5418
2021-22-ACT31 JDN-EX (30-11-2021),Actas De Junta Directiva Nacional Periodo 2021 2022,,https://siemprelistos.com/download/5420/?tmstv=1786944869,https://siemprelistos.com/?dlm_download_category=actas-de-junta-directiva-nacional-periodo-2021-2022,5420
2021-22-ACT32 JDN-OR (07-12-2021),Actas De Junta Directiva Nacional Periodo 2021 2022,,https://siemprelistos.com/download/5422/?tmstv=1786944869,https://siemprelistos.com/?dlm_download_category=actas-de-junta-directiva-nacional-periodo-2021-2022,5422
2021-22 ACT33 JDN-EXTR (13-12-2021),Actas De Junta Directiva Nacional Periodo 2021 2022,,https://siemprelistos.com/download/5424/?tmstv=1786944869,https://siemprelistos.com/?dlm_download_category=actas-de-junta-directiva-nacional-periodo-2021-2022,5424
2021-22-ACT34 JDN-EX (21-12-2021),Actas De Junta Directiva Nacional Periodo 2021 2022,,https://siemprelistos.com/download/5426/?tmstv=1786944869,https://siemprelistos.com/?dlm_download_category=actas-de-junta-directiva-nacional-periodo-2021-2022,5426
2021-22-ACT35 JDN-OR (11-01-2022),Actas De Junta Directiva Nacional Periodo 2021 2022,,https://siemprelistos.com/download/5428/?tmstv=1786944869,https://siemprelistos.com/?dlm_download_category=actas-de-junta-directiva-nacional-periodo-2021-2022,5428
2021-22-ACT36 JDN-EX (18-01-2022),Actas De Junta Directiva Nacional Periodo 2021 2022,,https://siemprelistos.com/download/5430/?tmstv=1786944869,https://siemprelistos.com/?dlm_download_category=actas-de-junta-directiva-nacional-periodo-2021-2022,5430
2021-22-ACT37 JDN-EX (25-01-2022),Actas De Junta Directiva Nacional Periodo 2021 2022,,https://siemprelistos.com/download/5432/?tmstv=1786944869,https://siemprelistos.com/?dlm_download_category=actas-de-junta-directiva-nacional-periodo-2021-2022,5432
2021-22-ACT38 JDN-EX (01-02-2022),Actas De Junta Directiva Nacional Periodo 2021 2022,,https://siemprelistos.com/download/5434/?tmstv=1786944869,https://siemprelistos.com/?dlm_download_category=actas-de-junta-directiva-nacional-periodo-2021-2022,5434
2026-27 ACT04-CEN-OR (10-06-2026),Actas De Comite Ejecutivo Periodo 2026 2027,,https://siemprelistos.com/download/12457/?tmstv=1786944871,https://siemprelistos.com/?dlm_download_category=actas-de-comite-ejecutivo-periodo-2026-2027,12457
2026-27 ACT03-CEN-EX (20-05-2026),Actas De Comite Ejecutivo Periodo 2026 2027,,https://siemprelistos.com/download/12454/?tmstv=1786944871,https://siemprelistos.com/?dlm_download_category=actas-de-comite-ejecutivo-periodo-2026-2027,12454
2026-27 ACT02-CEN-OR (06-05-2026),Actas De Comite Ejecutivo Periodo 2026 2027,,https://siemprelistos.com/download/12451/?tmstv=1786944871,https://siemprelistos.com/?dlm_download_category=actas-de-comite-ejecutivo-periodo-2026-2027,12451
2026-27 ACT01-CEN-OR (22-04-2026),Actas De Comite Ejecutivo Periodo 2026 2027,,https://siemprelistos.com/download/12448/?tmstv=1786944871,https://siemprelistos.com/?dlm_download_category=actas-de-comite-ejecutivo-periodo-2026-2027,12448
2024-25 ACT24-CEN-OR (26-03-2025),Actas Cen 2024 2025,,https://siemprelistos.com/download/10218/?tmstv=1786944873,https://siemprelistos.com/?dlm_download_category=actas-cen-2024-2025,10218
2024-25 ACT23-CEN-EX (26-02-2025),Actas Cen 2024 2025,,https://siemprelistos.com/download/10215/?tmstv=1786944873,https://siemprelistos.com/?dlm_download_category=actas-cen-2024-2025,10215
2024-25 ACT22-CEN-OR (12-02-2025),Actas Cen 2024 2025,,https://siemprelistos.com/download/9748/?tmstv=1786944873,https://siemprelistos.com/?dlm_download_category=actas-cen-2024-2025,9748
2024-25 ACT21-CEN-EX (29-01-2025),Actas Cen 2024 2025,,https://siemprelistos.com/download/9726/?tmstv=1786944873,https://siemprelistos.com/?dlm_download_category=actas-cen-2024-2025,9726
2024-25 ACT20-CEN-OR (15-01-2025),Actas Cen 2024 2025,,https://siemprelistos.com/download/9723/?tmstv=1786944873,https://siemprelistos.com/?dlm_download_category=actas-cen-2024-2025,9723
2024-25 ACT19-CEN-OR (20-11-2024),Actas Cen 2024 2025,,https://siemprelistos.com/download/9720/?tmstv=1786944873,https://siemprelistos.com/?dlm_download_category=actas-cen-2024-2025,9720
2024-25 ACT18-CEN-EX (23-10-2024),Actas Cen 2024 2025,,https://siemprelistos.com/download/9221/?tmstv=1786944873,https://siemprelistos.com/?dlm_download_category=actas-cen-2024-2025,9221
2024-25 ACT17-CEN-EX (16-10-2024),Actas Cen 2024 2025,,https://siemprelistos.com/download/9218/?tmstv=1786944873,https://siemprelistos.com/?dlm_download_category=actas-cen-2024-2025,9218
2024-25 ACT16-CEN-OR (09-10-2024),Actas Cen 2024 2025,,https://siemprelistos.com/download/9215/?tmstv=1786944873,https://siemprelistos.com/?dlm_download_category=actas-cen-2024-2025,9215
2024-25 ACT15-CEN-EX (28-09-2024),Actas Cen 2024 2025,,https://siemprelistos.com/download/8915/?tmstv=1786944873,https://siemprelistos.com/?dlm_download_category=actas-cen-2024-2025,8915
2024-25 ACT14-CEN-EX (25-09-2024),Actas Cen 2024 2025,,https://siemprelistos.com/download/8911/?tmstv=1786944873,https://siemprelistos.com/?dlm_download_category=actas-cen-2024-2025,8911
2024-25 ACT13-CEN-OR (11-09-2024),Actas Cen 2024 2025,,https://siemprelistos.com/download/8907/?tmstv=1786944873,https://siemprelistos.com/?dlm_download_category=actas-cen-2024-2025,8907
2024-25 ACT12-CEN-EX (28-08-2024),Actas Cen 2024 2025,,https://siemprelistos.com/download/8881/?tmstv=1786944873,https://siemprelistos.com/?dlm_download_category=actas-cen-2024-2025,8881
2024-25 ACT11-CEN-EX (14-08-2024),Actas Cen 2024 2025,,https://siemprelistos.com/download/8878/?tmstv=1786944873,https://siemprelistos.com/?dlm_download_category=actas-cen-2024-2025,8878
2024-25 ACT10-CEN-EX (07-08-2024),Actas Cen 2024 2025,,https://siemprelistos.com/download/8875/?tmstv=1786944873,https://siemprelistos.com/?dlm_download_category=actas-cen-2024-2025,8875
2024-25 ACT09-CEN-EX (31-07-2024),Actas Cen 2024 2025,,https://siemprelistos.com/download/8872/?tmstv=1786944873,https://siemprelistos.com/?dlm_download_category=actas-cen-2024-2025,8872
2024-25 ACT08-CEN-EX (24-07-2024),Actas Cen 2024 2025,,https://siemprelistos.com/download/8869/?tmstv=1786944873,https://siemprelistos.com/?dlm_download_category=actas-cen-2024-2025,8869
2024-25 ACT07-CEN-OR (10-07-2024),Actas Cen 2024 2025,,https://siemprelistos.com/download/8866/?tmstv=1786944873,https://siemprelistos.com/?dlm_download_category=actas-cen-2024-2025,8866
2024-25 ACT06-CEN-EX (26-06-2024),Actas Cen 2024 2025,,https://siemprelistos.com/download/8863/?tmstv=1786944873,https://siemprelistos.com/?dlm_download_category=actas-cen-2024-2025,8863
2024-25 ACT05-CEN-EX (12-06-2024),Actas Cen 2024 2025,,https://siemprelistos.com/download/8860/?tmstv=1786944873,https://siemprelistos.com/?dlm_download_category=actas-cen-2024-2025,8860
2024-25 ACT04-CEN-EX (22-05-2024),Actas Cen 2024 2025,,https://siemprelistos.com/download/8857/?tmstv=1786944873,https://siemprelistos.com/?dlm_download_category=actas-cen-2024-2025,8857
2024-25 ACT03-CEN-EX (08-05-2024),Actas Cen 2024 2025,,https://siemprelistos.com/download/8854/?tmstv=1786944873,https://siemprelistos.com/?dlm_download_category=actas-cen-2024-2025,8854
2024-25 ACT02-CEN-EX (24-04-2024),Actas Cen 2024 2025,,https://siemprelistos.com/download/8851/?tmstv=1786944873,https://siemprelistos.com/?dlm_download_category=actas-cen-2024-2025,8851
2024-25 ACT01-CEN-OR (10-04-2024),Actas Cen 2024 2025,,https://siemprelistos.com/download/8848/?tmstv=1786944873,https://siemprelistos.com/?dlm_download_category=actas-cen-2024-2025,8848
2025-26 ACT19-CEN-EX (25-03-2026),Actas De Comite Ejecutivo Periodo2025 2026,,https://siemprelistos.com/download/12441/?tmstv=1786944874,https://siemprelistos.com/?dlm_download_category=actas-de-comite-ejecutivo-periodo2025-2026,12441
2025-26 ACT18-CEN-OR (11-03-2026),Actas De Comite Ejecutivo Periodo2025 2026,,https://siemprelistos.com/download/12438/?tmstv=1786944874,https://siemprelistos.com/?dlm_download_category=actas-de-comite-ejecutivo-periodo2025-2026,12438
2025-26 ACT17-CEN-OR (25-02-2026),Actas De Comite Ejecutivo Periodo2025 2026,,https://siemprelistos.com/download/12435/?tmstv=1786944874,https://siemprelistos.com/?dlm_download_category=actas-de-comite-ejecutivo-periodo2025-2026,12435
2025-26 ACT16-CEN-OR (11-02-2026),Actas De Comite Ejecutivo Periodo2025 2026,,https://siemprelistos.com/download/12432/?tmstv=1786944874,https://siemprelistos.com/?dlm_download_category=actas-de-comite-ejecutivo-periodo2025-2026,12432
2025-26 ACT15-CEN-OR (15-01-2026),Actas De Comite Ejecutivo Periodo2025 2026,,https://siemprelistos.com/download/11550/?tmstv=1786944874,https://siemprelistos.com/?dlm_download_category=actas-de-comite-ejecutivo-periodo2025-2026,11550
2025-26 ACT14-CEN-OR (17-12-2025),Actas De Comite Ejecutivo Periodo2025 2026,,https://siemprelistos.com/download/11547/?tmstv=1786944874,https://siemprelistos.com/?dlm_download_category=actas-de-comite-ejecutivo-periodo2025-2026,11547
2025-26 ACT13-CEN-OR (19-11-2025),Actas De Comite Ejecutivo Periodo2025 2026,,https://siemprelistos.com/download/11544/?tmstv=1786944874,https://siemprelistos.com/?dlm_download_category=actas-de-comite-ejecutivo-periodo2025-2026,11544
2025-26 ACT12-CEN-OR (08-10-2025),Actas De Comite Ejecutivo Periodo2025 2026,,https://siemprelistos.com/download/10987/?tmstv=1786944874,https://siemprelistos.com/?dlm_download_category=actas-de-comite-ejecutivo-periodo2025-2026,10987
2025-26 ACT11-CEN-OR (10-09-2025),Actas De Comite Ejecutivo Periodo2025 2026,,https://siemprelistos.com/download/10984/?tmstv=1786944874,https://siemprelistos.com/?dlm_download_category=actas-de-comite-ejecutivo-periodo2025-2026,10984
2025-26 ACT10-CEN-OR (18-08-2025),Actas De Comite Ejecutivo Periodo2025 2026,,https://siemprelistos.com/download/10882/?tmstv=1786944874,https://siemprelistos.com/?dlm_download_category=actas-de-comite-ejecutivo-periodo2025-2026,10882
2025-26 ACT09-CEN-EX (23-07-2025),Actas De Comite Ejecutivo Periodo2025 2026,,https://siemprelistos.com/download/10879/?tmstv=1786944874,https://siemprelistos.com/?dlm_download_category=actas-de-comite-ejecutivo-periodo2025-2026,10879
2025-26 ACT08-CEN-OR (09-07-2025),Actas De Comite Ejecutivo Periodo2025 2026,,https://siemprelistos.com/download/10876/?tmstv=1786944874,https://siemprelistos.com/?dlm_download_category=actas-de-comite-ejecutivo-periodo2025-2026,10876
2025-26 ACT07-CEN-EX (25-06-2025),Actas De Comite Ejecutivo Periodo2025 2026,,https://siemprelistos.com/download/10719/?tmstv=1786944874,https://siemprelistos.com/?dlm_download_category=actas-de-comite-ejecutivo-periodo2025-2026,10719
2025-26 ACT06-CEN-EX (11-06-2025),Actas De Comite Ejecutivo Periodo2025 2026,,https://siemprelistos.com/download/10716/?tmstv=1786944874,https://siemprelistos.com/?dlm_download_category=actas-de-comite-ejecutivo-periodo2025-2026,10716
2025-26 ACT05-CEN-OR (04-06-2025),Actas De Comite Ejecutivo Periodo2025 2026,,https://siemprelistos.com/download/10713/?tmstv=1786944874,https://siemprelistos.com/?dlm_download_category=actas-de-comite-ejecutivo-periodo2025-2026,10713
2025-26 ACT04-CEN-EX (21-05-2025),Actas De Comite Ejecutivo Periodo2025 2026,,https://siemprelistos.com/download/10290/?tmstv=1786944874,https://siemprelistos.com/?dlm_download_category=actas-de-comite-ejecutivo-periodo2025-2026,10290
2025-26 ACT03-CEN-OR (07-05-2025),Actas De Comite Ejecutivo Periodo2025 2026,,https://siemprelistos.com/download/10230/?tmstv=1786944874,https://siemprelistos.com/?dlm_download_category=actas-de-comite-ejecutivo-periodo2025-2026,10230
2025-26 ACT02-CEN-EX (23-04-2025),Actas De Comite Ejecutivo Periodo2025 2026,,https://siemprelistos.com/download/10227/?tmstv=1786944874,https://siemprelistos.com/?dlm_download_category=actas-de-comite-ejecutivo-periodo2025-2026,10227
2025-26 ACT01-CEN-OR (09-04-2025),Actas De Comite Ejecutivo Periodo2025 2026,,https://siemprelistos.com/download/10224/?tmstv=1786944874,https://siemprelistos.com/?dlm_download_category=actas-de-comite-ejecutivo-periodo2025-2026,10224
Estados Financieros Auditados,Asamblea Nacional 2026,,https://siemprelistos.com/download/11809/?tmstv=1786944876,https://siemprelistos.com/?dlm_download_category=asamblea-nacional-2026,11809
Informe Consolidado Presidencia – Dirección General 2025-2026,Asamblea Nacional 2026,,https://siemprelistos.com/download/11306/?tmstv=1786944876,https://siemprelistos.com/?dlm_download_category=asamblea-nacional-2026,11306
Informe de Fiscalía 2025-2026,Asamblea Nacional 2026,,https://siemprelistos.com/download/11303/?tmstv=1786944876,https://siemprelistos.com/?dlm_download_category=asamblea-nacional-2026,11303
Informe de Tesorería 2025-2026,Asamblea Nacional 2026,,https://siemprelistos.com/download/11300/?tmstv=1786944876,https://siemprelistos.com/?dlm_download_category=asamblea-nacional-2026,11300
Partida al Gran Campamento,Asamblea Nacional 2026,,https://siemprelistos.com/download/11116/?tmstv=1786944876,https://siemprelistos.com/?dlm_download_category=asamblea-nacional-2026,11116
Solicitud de postulación de cargo en la Junta Directiva Nacional,Asamblea Nacional 2026,,https://siemprelistos.com/download/11110/?tmstv=1786944876,https://siemprelistos.com/?dlm_download_category=asamblea-nacional-2026,11110
Carta de Presentación,Asamblea Nacional 2026,,https://siemprelistos.com/download/11107/?tmstv=1786944876,https://siemprelistos.com/?dlm_download_category=asamblea-nacional-2026,11107
Recomendaciones de participación en Asamblea,Asamblea Nacional 2026,,https://siemprelistos.com/download/11104/?tmstv=1786944876,https://siemprelistos.com/?dlm_download_category=asamblea-nacional-2026,11104
Agenda oficial sábado 14 de marzo de 2026,Asamblea Nacional 2026,,https://siemprelistos.com/download/11101/?tmstv=1786944876,https://siemprelistos.com/?dlm_download_category=asamblea-nacional-2026,11101
Formulario para acreditación de personas delegadas,Asamblea Nacional 2026,,https://siemprelistos.com/download/11098/?tmstv=1786944876,https://siemprelistos.com/?dlm_download_category=asamblea-nacional-2026,11098
Acta LI Asamblea Nacional Ordinaria 2025 “Jose Manuel Ramírez González”,Asamblea Nacional 2026,,https://siemprelistos.com/download/11095/?tmstv=1786944876,https://siemprelistos.com/?dlm_download_category=asamblea-nacional-2026,11095
Formulario para Mociones,Asamblea Nacional 2026,,https://siemprelistos.com/download/11092/?tmstv=1786944876,https://siemprelistos.com/?dlm_download_category=asamblea-nacional-2026,11092
Convocatoria Asamblea Nacional Ordinaria 2026,Asamblea Nacional 2026,,https://siemprelistos.com/download/11089/?tmstv=1786944876,https://siemprelistos.com/?dlm_download_category=asamblea-nacional-2026,11089
Formulario para proponer el nombre del Dedicado a la LI (Bis) Asamblea Nacional 2027,Asamblea Nacional 2026,,https://siemprelistos.com/download/11086/?tmstv=1786944876,https://siemprelistos.com/?dlm_download_category=asamblea-nacional-2026,11086
Informe Fiscalía 2024-2025,Asamblea Nacional 2024,,https://siemprelistos.com/download/9610/?tmstv=1786944878,https://siemprelistos.com/?dlm_download_category=asamblea-nacional-2024,9610
Informe de Tesorería Nacional 2024-2025,Asamblea Nacional 2024,,https://siemprelistos.com/download/9607/?tmstv=1786944878,https://siemprelistos.com/?dlm_download_category=asamblea-nacional-2024,9607
Informe de Labores Dirección General 2024,Asamblea Nacional 2024,,https://siemprelistos.com/download/9527/?tmstv=1786944878,https://siemprelistos.com/?dlm_download_category=asamblea-nacional-2024,9527
Acta L Asamblea Nacional Ordinaria (José Francisco Arce García),Asamblea Nacional 2024,,https://siemprelistos.com/download/9396/?tmstv=1786944878,https://siemprelistos.com/?dlm_download_category=asamblea-nacional-2024,9396
Acta XXIX Asamblea Nacional Extraordinaria (El Gran Juego se transforma),Asamblea Nacional 2024,,https://siemprelistos.com/download/9393/?tmstv=1786944878,https://siemprelistos.com/?dlm_download_category=asamblea-nacional-2024,9393
Informe Fiscalía 2023,Asamblea Nacional 2024,,https://siemprelistos.com/download/7718/?tmstv=1786944878,https://siemprelistos.com/?dlm_download_category=asamblea-nacional-2024,7718
Informe Tesorería 2023-2024,Asamblea Nacional 2024,,https://siemprelistos.com/download/7715/?tmstv=1786944878,https://siemprelistos.com/?dlm_download_category=asamblea-nacional-2024,7715
Informe Consolidado Presidencia 2023,Asamblea Nacional 2024,,https://siemprelistos.com/download/7712/?tmstv=1786944878,https://siemprelistos.com/?dlm_download_category=asamblea-nacional-2024,7712
Boleta de inscripción de candidatos Asamblea Nacional 2024,Asamblea Nacional 2024,,https://siemprelistos.com/download/5115/?tmstv=1786944878,https://siemprelistos.com/?dlm_download_category=asamblea-nacional-2024,5115
Informe de Fiscalía 2021-2022,Asamblea Nacional 2022,,https://siemprelistos.com/download/5358/?tmstv=1786944880,https://siemprelistos.com/?dlm_download_category=asamblea-nacional-2022,5358
Informe Tesorería 2021-2022,Asamblea Nacional 2022,,https://siemprelistos.com/download/5456/?tmstv=1786944880,https://siemprelistos.com/?dlm_download_category=asamblea-nacional-2022,5456
Informe Presidencia 2021-2022,Asamblea Nacional 2022,,https://siemprelistos.com/download/5458/?tmstv=1786944880,https://siemprelistos.com/?dlm_download_category=asamblea-nacional-2022,5458
Informe Dirección General 2021-2022,Asamblea Nacional 2022,,https://siemprelistos.com/download/5460/?tmstv=1786944880,https://siemprelistos.com/?dlm_download_category=asamblea-nacional-2022,5460
ACTA XLVII Asamblea Nacional Ordinaria 2021 (Orlando Ramírez Vargas),Asamblea Nacional 2022,,https://siemprelistos.com/download/5468/?tmstv=1786944880,https://siemprelistos.com/?dlm_download_category=asamblea-nacional-2022,5468
Agenda Oficial sábado 19 de marzo de 2022,Asamblea Nacional 2022,,https://siemprelistos.com/download/5470/?tmstv=1786944880,https://siemprelistos.com/?dlm_download_category=asamblea-nacional-2022,5470
Formulario para mociones,Asamblea Nacional 2022,,https://siemprelistos.com/download/5472/?tmstv=1786944880,https://siemprelistos.com/?dlm_download_category=asamblea-nacional-2022,5472
Normas de participación de la Asamblea,Asamblea Nacional 2022,,https://siemprelistos.com/download/5474/?tmstv=1786944880,https://siemprelistos.com/?dlm_download_category=asamblea-nacional-2022,5474
Postulación de candidaturasAsamblea Nacional Ordinaria 2022,Asamblea Nacional 2022,,https://siemprelistos.com/download/5462/?tmstv=1786944880,https://siemprelistos.com/?dlm_download_category=asamblea-nacional-2022,5462
Convocatoria a la XLVIII Asamblea Nacional Ordinaria Mauricio Castro Monge. Publicación La Gaceta,Asamblea Nacional 2022,,https://siemprelistos.com/download/5464/?tmstv=1786944880,https://siemprelistos.com/?dlm_download_category=asamblea-nacional-2022,5464
Postulación de personas candidatas Asamblea  2022,Asamblea Nacional 2022,,https://siemprelistos.com/download/5504/?tmstv=1786944880,https://siemprelistos.com/?dlm_download_category=asamblea-nacional-2022,5504
Acta LI Asamblea Nacional Ordinaria (José Manuel Ramírez González) 15-03-2025,Asamblea Nacional 2025,,https://siemprelistos.com/download/11034/?tmstv=1786944881,https://siemprelistos.com/?dlm_download_category=asamblea-nacional-2025,11034
EEFF Auditados 2024,Asamblea Nacional 2025,,https://siemprelistos.com/download/9759/?tmstv=1786944881,https://siemprelistos.com/?dlm_download_category=asamblea-nacional-2025,9759
Informe Consolidado Estados Financieros 2024,Asamblea Nacional 2025,,https://siemprelistos.com/download/9751/?tmstv=1786944881,https://siemprelistos.com/?dlm_download_category=asamblea-nacional-2025,9751
Ejecución Presupuestaria Ingresos y Egresos 2024,Asamblea Nacional 2025,,https://siemprelistos.com/download/9729/?tmstv=1786944881,https://siemprelistos.com/?dlm_download_category=asamblea-nacional-2025,9729
Agenda Asamblea Nacional 2025,Asamblea Nacional 2025,,https://siemprelistos.com/download/9716/?tmstv=1786944881,https://siemprelistos.com/?dlm_download_category=asamblea-nacional-2025,9716
Boleta de acreditación de delegados,Asamblea Nacional 2025,,https://siemprelistos.com/download/9713/?tmstv=1786944881,https://siemprelistos.com/?dlm_download_category=asamblea-nacional-2025,9713
Boleta de Moción,Asamblea Nacional 2025,,https://siemprelistos.com/download/9710/?tmstv=1786944881,https://siemprelistos.com/?dlm_download_category=asamblea-nacional-2025,9710
CONVOCATORIA 2025,Asamblea Nacional 2025,,https://siemprelistos.com/download/9707/?tmstv=1786944881,https://siemprelistos.com/?dlm_download_category=asamblea-nacional-2025,9707
Carta Presentación Sobre 1 Asamblea Nacional 2025,Asamblea Nacional 2025,,https://siemprelistos.com/download/9704/?tmstv=1786944881,https://siemprelistos.com/?dlm_download_category=asamblea-nacional-2025,9704
Acta L Asamblea Nacional Ordinaria (José Francisco Arce García),Asamblea Nacional 2025,,https://siemprelistos.com/download/9701/?tmstv=1786944881,https://siemprelistos.com/?dlm_download_category=asamblea-nacional-2025,9701
Comunicado oficial de candidaturas,Asamblea Nacional 2025,,https://siemprelistos.com/download/9681/?tmstv=1786944881,https://siemprelistos.com/?dlm_download_category=asamblea-nacional-2025,9681
Informe de Presidencia 2024-2025,Asamblea Nacional 2025,,https://siemprelistos.com/download/9678/?tmstv=1786944881,https://siemprelistos.com/?dlm_download_category=asamblea-nacional-2025,9678
Presupuestos y Supuestos 2025,Asamblea Nacional 2025,,https://siemprelistos.com/download/9588/?tmstv=1786944881,https://siemprelistos.com/?dlm_download_category=asamblea-nacional-2025,9588
Dedicado Asamblea 2026,Asamblea Nacional 2025,,https://siemprelistos.com/download/9386/?tmstv=1786944882,https://siemprelistos.com/?dlm_download_category=asamblea-nacional-2025,9386
Comunicado Comité Asamblea 2025,Asamblea Nacional 2025,,https://siemprelistos.com/download/9328/?tmstv=1786944882,https://siemprelistos.com/?dlm_download_category=asamblea-nacional-2025,9328
Comunicado de apertura de Nominaciones 2025,Asamblea Nacional 2025,,https://siemprelistos.com/download/9317/?tmstv=1786944882,https://siemprelistos.com/?dlm_download_category=asamblea-nacional-2025,9317
Boleta de Inscripción de Candidatura Asamblea 2025,Asamblea Nacional 2025,,https://siemprelistos.com/download/9303/?tmstv=1786944882,https://siemprelistos.com/?dlm_download_category=asamblea-nacional-2025,9303
Acta XLIX Asamblea Nacional 2023 (Patricia Fallas Azofeifa),Asamblea Nacional 2023,,https://siemprelistos.com/download/5119/?tmstv=1786944883,https://siemprelistos.com/?dlm_download_category=asamblea-nacional-2023,5119
Informe de Tesorería,Asamblea Nacional 2023,,https://siemprelistos.com/download/5190/?tmstv=1786944883,https://siemprelistos.com/?dlm_download_category=asamblea-nacional-2023,5190
ACTA XLVIII Asamblea Nacional Ordinaria 2022 (Mauricio Castro Monge),Asamblea Nacional 2023,,https://siemprelistos.com/download/5192/?tmstv=1786944883,https://siemprelistos.com/?dlm_download_category=asamblea-nacional-2023,5192
INFORME FISCALÍA,Asamblea Nacional 2023,,https://siemprelistos.com/download/5194/?tmstv=1786944883,https://siemprelistos.com/?dlm_download_category=asamblea-nacional-2023,5194
PPT INFORME DE TESORERÍA 2023,Asamblea Nacional 2023,,https://siemprelistos.com/download/5196/?tmstv=1786944883,https://siemprelistos.com/?dlm_download_category=asamblea-nacional-2023,5196
PPT CONSOLIDADO PDTA-DG,Asamblea Nacional 2023,,https://siemprelistos.com/download/5198/?tmstv=1786944883,https://siemprelistos.com/?dlm_download_category=asamblea-nacional-2023,5198
INFORME CONSOLIDADO DIRECCIÓN GENERAL Y PRESIDENCIA,Asamblea Nacional 2023,,https://siemprelistos.com/download/5200/?tmstv=1786944883,https://siemprelistos.com/?dlm_download_category=asamblea-nacional-2023,5200
EF31122022 ASOCIACIÓN DE GUÍAS Y SCOUTS DE COSTA RICA,Asamblea Nacional 2023,,https://siemprelistos.com/download/5202/?tmstv=1786944883,https://siemprelistos.com/?dlm_download_category=asamblea-nacional-2023,5202
CG 2 2022 ASOCIACIÓN DE GUÍAS Y SCOUTS DE COSTA RICA,Asamblea Nacional 2023,,https://siemprelistos.com/download/5204/?tmstv=1786944883,https://siemprelistos.com/?dlm_download_category=asamblea-nacional-2023,5204
Moción,Asamblea Nacional 2023,,https://siemprelistos.com/download/5222/?tmstv=1786944883,https://siemprelistos.com/?dlm_download_category=asamblea-nacional-2023,5222
FORMULARIO ACREDITACION_DELEGADOS GUIA Y SOCUS,Asamblea Nacional 2023,,https://siemprelistos.com/download/5224/?tmstv=1786944883,https://siemprelistos.com/?dlm_download_category=asamblea-nacional-2023,5224
AGENDA 2023,Asamblea Nacional 2023,,https://siemprelistos.com/download/5226/?tmstv=1786944883,https://siemprelistos.com/?dlm_download_category=asamblea-nacional-2023,5226
Formulario de Inscripción de Candidatos,Asamblea Nacional 2023,,https://siemprelistos.com/download/5247/?tmstv=1786944883,https://siemprelistos.com/?dlm_download_category=asamblea-nacional-2023,5247
Sabidurías del Consejo de la Peña IV – Manual de Especialidades de Manada.,Manada,,https://siemprelistos.com/download/5861/?tmstv=1786944894,https://siemprelistos.com/?dlm_download_category=manada,5861
Sabidurias del Consejo de la Peña III,Manada,,https://siemprelistos.com/download/5865/?tmstv=1786944894,https://siemprelistos.com/?dlm_download_category=manada,5865
Baúl de los Viejos Lobos,Manada,,https://siemprelistos.com/download/5943/?tmstv=1786944894,https://siemprelistos.com/?dlm_download_category=manada,5943
Certificado Promesa Manada,Manada,,https://siemprelistos.com/download/5961/?tmstv=1786944894,https://siemprelistos.com/?dlm_download_category=manada,5961
Certificado Especialidades Manada,Manada,,https://siemprelistos.com/download/5971/?tmstv=1786944894,https://siemprelistos.com/?dlm_download_category=manada,5971
Certificado Etapas de Manada,Manada,,https://siemprelistos.com/download/5987/?tmstv=1786944894,https://siemprelistos.com/?dlm_download_category=manada,5987
Afiche de Especialidades de Manada,Manada,,https://siemprelistos.com/download/6078/?tmstv=1786944894,https://siemprelistos.com/?dlm_download_category=manada,6078
Sabidurias del Consejo de la Peña II,Manada,,https://siemprelistos.com/download/6204/?tmstv=1786944894,https://siemprelistos.com/?dlm_download_category=manada,6204
Sabidurias del Consejo de la Peña 1,Manada,,https://siemprelistos.com/download/6206/?tmstv=1786944894,https://siemprelistos.com/?dlm_download_category=manada,6206
Certificado Promesa Tropa,Tropa,,https://siemprelistos.com/download/5599/?tmstv=1786944896,https://siemprelistos.com/?dlm_download_category=tropa,5599
Certificado Etapa Pionero,Tropa,,https://siemprelistos.com/download/5601/?tmstv=1786944896,https://siemprelistos.com/?dlm_download_category=tropa,5601
Certificado de Promesa,Tropa,,https://siemprelistos.com/download/5963/?tmstv=1786944896,https://siemprelistos.com/?dlm_download_category=tropa,5963
Certificado Etapa Intrépido,Tropa,,https://siemprelistos.com/download/5965/?tmstv=1786944896,https://siemprelistos.com/?dlm_download_category=tropa,5965
Certificado Etapa Explorador,Tropa,,https://siemprelistos.com/download/5967/?tmstv=1786944896,https://siemprelistos.com/?dlm_download_category=tropa,5967
Certificado Etapa Aventurero,Tropa,,https://siemprelistos.com/download/5969/?tmstv=1786944896,https://siemprelistos.com/?dlm_download_category=tropa,5969
Certificado Especialidades,Tropa,,https://siemprelistos.com/download/5973/?tmstv=1786944896,https://siemprelistos.com/?dlm_download_category=tropa,5973
Certificado Brújula Platino,Tropa,,https://siemprelistos.com/download/5975/?tmstv=1786944896,https://siemprelistos.com/?dlm_download_category=tropa,5975
Certificado Brújula Plata,Tropa,,https://siemprelistos.com/download/5977/?tmstv=1786944896,https://siemprelistos.com/?dlm_download_category=tropa,5977
Certificado Brújula Oro,Tropa,,https://siemprelistos.com/download/5979/?tmstv=1786944896,https://siemprelistos.com/?dlm_download_category=tropa,5979
Certificado Brújula Bronce,Tropa,,https://siemprelistos.com/download/5981/?tmstv=1786944896,https://siemprelistos.com/?dlm_download_category=tropa,5981
Brújula-3-ORO,Tropa,,https://siemprelistos.com/download/6031/?tmstv=1786944896,https://siemprelistos.com/?dlm_download_category=tropa,6031
Brújula-2-Plata,Tropa,,https://siemprelistos.com/download/6033/?tmstv=1786944896,https://siemprelistos.com/?dlm_download_category=tropa,6033
Brújula-1-Bronce,Tropa,,https://siemprelistos.com/download/6035/?tmstv=1786944896,https://siemprelistos.com/?dlm_download_category=tropa,6035
Certificado de Promesa,Tropa,,https://siemprelistos.com/download/6037/?tmstv=1786944896,https://siemprelistos.com/?dlm_download_category=tropa,6037
Certificado Etapa Intrépido,Tropa,,https://siemprelistos.com/download/6039/?tmstv=1786944896,https://siemprelistos.com/?dlm_download_category=tropa,6039
Certificado Etapa Explorador,Tropa,,https://siemprelistos.com/download/6041/?tmstv=1786944896,https://siemprelistos.com/?dlm_download_category=tropa,6041
Certificado Etapa Aventurero,Tropa,,https://siemprelistos.com/download/6043/?tmstv=1786944896,https://siemprelistos.com/?dlm_download_category=tropa,6043
Certificado Especialidades,Tropa,,https://siemprelistos.com/download/6045/?tmstv=1786944896,https://siemprelistos.com/?dlm_download_category=tropa,6045
Certificado Brújula Platino,Tropa,,https://siemprelistos.com/download/6047/?tmstv=1786944896,https://siemprelistos.com/?dlm_download_category=tropa,6047
Certificado Brújula Plata,Tropa,,https://siemprelistos.com/download/6049/?tmstv=1786944896,https://siemprelistos.com/?dlm_download_category=tropa,6049
Certificado Brújula Oro,Tropa,,https://siemprelistos.com/download/6052/?tmstv=1786944896,https://siemprelistos.com/?dlm_download_category=tropa,6052
Certificado Brujula Bronce,Tropa,,https://siemprelistos.com/download/6054/?tmstv=1786944896,https://siemprelistos.com/?dlm_download_category=tropa,6054
Afiche de Especialidades GyS,Tropa,,https://siemprelistos.com/download/6060/?tmstv=1786944896,https://siemprelistos.com/?dlm_download_category=tropa,6060
Brújula-4-Platino,Tropa,,https://siemprelistos.com/download/6062/?tmstv=1786944896,https://siemprelistos.com/?dlm_download_category=tropa,6062
Bitácora-4-Explorador@,Tropa,,https://siemprelistos.com/download/6064/?tmstv=1786944896,https://siemprelistos.com/?dlm_download_category=tropa,6064
Bitácora-2-Intrepid@,Tropa,,https://siemprelistos.com/download/6066/?tmstv=1786944896,https://siemprelistos.com/?dlm_download_category=tropa,6066
Bitácora-3-Pioner@,Tropa,,https://siemprelistos.com/download/6068/?tmstv=1786944896,https://siemprelistos.com/?dlm_download_category=tropa,6068
Bitácora-1-Aventurer@,Tropa,,https://siemprelistos.com/download/6070/?tmstv=1786944896,https://siemprelistos.com/?dlm_download_category=tropa,6070
Manual de Especialidades para el Dirigente de Tropa,Tropa,,https://siemprelistos.com/download/6072/?tmstv=1786944896,https://siemprelistos.com/?dlm_download_category=tropa,6072
Manual de Especialidades del ASESOR,Tropa,,https://siemprelistos.com/download/6074/?tmstv=1786944896,https://siemprelistos.com/?dlm_download_category=tropa,6074
Manual de Especialidades de la GyS,Tropa,,https://siemprelistos.com/download/6076/?tmstv=1786944896,https://siemprelistos.com/?dlm_download_category=tropa,6076
Formulario Registro Tropa,Tropa,,https://siemprelistos.com/download/6217/?tmstv=1786944896,https://siemprelistos.com/?dlm_download_category=tropa,6217
Catalogo Especialidades Tropa,Tropa,,https://siemprelistos.com/download/6227/?tmstv=1786944896,https://siemprelistos.com/?dlm_download_category=tropa,6227
Formulario-Especialidad-Tropa,Tropa,,https://siemprelistos.com/download/6236/?tmstv=1786944896,https://siemprelistos.com/?dlm_download_category=tropa,6236
Certificado Promesa Wak,Wak,,https://siemprelistos.com/download/5338/?tmstv=1786944898,https://siemprelistos.com/?dlm_download_category=wak,5338
Manual del Sa Wukir,Wak,,https://siemprelistos.com/download/6213/?tmstv=1786944898,https://siemprelistos.com/?dlm_download_category=wak,6213
"Manual de la Persona Consejera, Fascículo 03: La Carta de la Comunidad",Comunidad,,https://siemprelistos.com/download/12494/?tmstv=1786944900,https://siemprelistos.com/?dlm_download_category=comunidad,12494
"Manual de la Persona Consejera, Fascículo 02: Rol de la persona consejera en la Comunidad de Guías Mayores y Rovers",Comunidad,,https://siemprelistos.com/download/12491/?tmstv=1786944900,https://siemprelistos.com/?dlm_download_category=comunidad,12491
"Manual de la Persona Consejera, Fascículo 01: Introducción a la sección Comunidad",Comunidad,,https://siemprelistos.com/download/12488/?tmstv=1786944900,https://siemprelistos.com/?dlm_download_category=comunidad,12488
Infografía: Rutas de Progresión Personal en la Comunidad,Comunidad,,https://siemprelistos.com/download/12485/?tmstv=1786944900,https://siemprelistos.com/?dlm_download_category=comunidad,12485
Guía de Uso de Marca,Guia De Uso De Marca,,https://siemprelistos.com/download/5713/?tmstv=1786944905,https://siemprelistos.com/?dlm_download_category=guia-de-uso-de-marca,5713
Tipografías,Tipografias,,https://siemprelistos.com/download/5679/?tmstv=1786944907,https://siemprelistos.com/?dlm_download_category=tipografias,5679
Scouts CR – Guías y Scouts,Grafica,,https://siemprelistos.com/download/5715/?tmstv=1786944909,https://siemprelistos.com/?dlm_download_category=grafica,5715
Scouts CR,Grafica,,https://siemprelistos.com/download/5717/?tmstv=1786944909,https://siemprelistos.com/?dlm_download_category=grafica,5717
Patrones,Grafica,,https://siemprelistos.com/download/5719/?tmstv=1786944909,https://siemprelistos.com/?dlm_download_category=grafica,5719
Emblema,Grafica,,https://siemprelistos.com/download/5721/?tmstv=1786944909,https://siemprelistos.com/?dlm_download_category=grafica,5721
Distintivos,Grafica,,https://siemprelistos.com/download/5723/?tmstv=1786944909,https://siemprelistos.com/?dlm_download_category=grafica,5723
Dibujos,Grafica,,https://siemprelistos.com/download/5725/?tmstv=1786944909,https://siemprelistos.com/?dlm_download_category=grafica,5725
Colores,Grafica,,https://siemprelistos.com/download/5727/?tmstv=1786944909,https://siemprelistos.com/?dlm_download_category=grafica,5727
Fondo-3,Fondos De Pantalla,,https://siemprelistos.com/download/5814/?tmstv=1786944911,https://siemprelistos.com/?dlm_download_category=fondos-de-pantalla,5814
Fondo-2,Fondos De Pantalla,,https://siemprelistos.com/download/5816/?tmstv=1786944911,https://siemprelistos.com/?dlm_download_category=fondos-de-pantalla,5816
Fondo-1,Fondos De Pantalla,,https://siemprelistos.com/download/5818/?tmstv=1786944911,https://siemprelistos.com/?dlm_download_category=fondos-de-pantalla,5818
PPT para Grupo -Interno,Plantillas Para Presentaciones,,https://siemprelistos.com/download/5673/?tmstv=1786944913,https://siemprelistos.com/?dlm_download_category=plantillas-para-presentaciones,5673
Presentación para  Grupo Interna,Plantillas Para Presentaciones,,https://siemprelistos.com/download/5792/?tmstv=1786944913,https://siemprelistos.com/?dlm_download_category=plantillas-para-presentaciones,5792
Presentación para  Grupo Externa,Plantillas Para Presentaciones,,https://siemprelistos.com/download/5794/?tmstv=1786944913,https://siemprelistos.com/?dlm_download_category=plantillas-para-presentaciones,5794
Regla,Promocionales Ninos,,https://siemprelistos.com/download/5784/?tmstv=1786944914,https://siemprelistos.com/?dlm_download_category=promocionales-ninos,5784
Broches Scout,Promocionales Ninos,,https://siemprelistos.com/download/5786/?tmstv=1786944914,https://siemprelistos.com/?dlm_download_category=promocionales-ninos,5786
Bolsas Botella,Promocionales Ninos,,https://siemprelistos.com/download/5788/?tmstv=1786944914,https://siemprelistos.com/?dlm_download_category=promocionales-ninos,5788
Afiche Escuela,Promocionales Ninos,,https://siemprelistos.com/download/5790/?tmstv=1786944914,https://siemprelistos.com/?dlm_download_category=promocionales-ninos,5790
FLYERS GENÉRICOS (1),Material De Captacion,,https://siemprelistos.com/download/6001/?tmstv=1786944916,https://siemprelistos.com/?dlm_download_category=material-de-captacion,6001
FLYER PARA PADRES,Material De Captacion,,https://siemprelistos.com/download/6003/?tmstv=1786944916,https://siemprelistos.com/?dlm_download_category=material-de-captacion,6003
Flyers Genericos 2,Material De Captacion,,https://siemprelistos.com/download/6005/?tmstv=1786944916,https://siemprelistos.com/?dlm_download_category=material-de-captacion,6005
Brochure genérico,Material De Captacion,,https://siemprelistos.com/download/6007/?tmstv=1786944916,https://siemprelistos.com/?dlm_download_category=material-de-captacion,6007
AFICHE ESCUELA,Material De Captacion,,https://siemprelistos.com/download/6009/?tmstv=1786944916,https://siemprelistos.com/?dlm_download_category=material-de-captacion,6009
AFICHE COLEGIO,Material De Captacion,,https://siemprelistos.com/download/6011/?tmstv=1786944916,https://siemprelistos.com/?dlm_download_category=material-de-captacion,6011
